,regiao,estado,municipio,coduf,codmun,codRegiaoSaude,nomeRegiaoSaude,data,semanaEpi,populacaoTCU2019,casosAcumulado,casosNovos,obitosAcumulado,obitosNovos,Recuperadosnovos,emAcompanhamentoNovos,interior/metropolitana
35,Norte,RO,,11,,,,2022-01-01,52,1777225.0,284660.0,34,6737,3,,,
36,Norte,RO,,11,,,,2022-01-02,1,1777225.0,284692.0,32,6739,2,,,
37,Norte,RO,,11,,,,2022-01-03,1,1777225.0,284783.0,91,6742,3,,,
38,Norte,RO,,11,,,,2022-01-04,1,1777225.0,285037.0,254,6745,3,,,
39,Norte,RO,,11,,,,2022-01-05,1,1777225.0,285269.0,232,6748,3,,,
40,Norte,RO,,11,,,,2022-01-06,1,1777225.0,285660.0,391,6756,8,,,
41,Norte,RO,,11,,,,2022-01-07,1,1777225.0,286039.0,379,6761,5,,,
42,Norte,RO,,11,,,,2022-01-08,1,1777225.0,286280.0,241,6764,3,,,
43,Norte,RO,,11,,,,2022-01-09,2,1777225.0,286462.0,182,6763,-1,,,
44,Norte,RO,,11,,,,2022-01-10,2,1777225.0,286791.0,329,6769,6,,,
45,Norte,RO,,11,,,,2022-01-11,2,1777225.0,287377.0,586,6775,6,,,
46,Norte,RO,,11,,,,2022-01-12,2,1777225.0,288173.0,796,6778,3,,,
47,Norte,RO,,11,,,,2022-01-13,2,1777225.0,288595.0,422,6782,4,,,
48,Norte,RO,,11,,,,2022-01-14,2,1777225.0,289419.0,824,6787,5,,,
49,Norte,RO,,11,,,,2022-01-15,2,1777225.0,290050.0,631,6789,2,,,
50,Norte,RO,,11,,,,2022-01-16,3,1777225.0,290677.0,627,6790,1,,,
51,Norte,RO,,11,,,,2022-01-17,3,1777225.0,291441.0,764,6791,1,,,
52,Norte,RO,,11,,,,2022-01-18,3,1777225.0,293052.0,1611,6795,4,,,
53,Norte,RO,,11,,,,2022-01-19,3,1777225.0,294764.0,1712,6798,3,,,
54,Norte,RO,,11,,,,2022-01-20,3,1777225.0,296395.0,1631,6800,2,,,
55,Norte,RO,,11,,,,2022-01-21,3,1777225.0,298451.0,2056,6805,5,,,
56,Norte,RO,,11,,,,2022-01-22,3,1777225.0,300120.0,1669,6806,1,,,
57,Norte,RO,,11,,,,2022-01-23,4,1777225.0,301706.0,1586,6807,1,,,
58,Norte,RO,,11,,,,2022-01-24,4,1777225.0,303115.0,1409,6810,3,,,
59,Norte,RO,,11,,,,2022-01-25,4,1777225.0,305566.0,2451,6814,4,,,
60,Norte,RO,,11,,,,2022-01-26,4,1777225.0,307568.0,2002,6821,7,,,
61,Norte,RO,,11,,,,2022-01-27,4,1777225.0,309783.0,2215,6822,1,,,
62,Norte,RO,,11,,,,2022-01-28,4,1777225.0,312107.0,2324,6827,5,,,
63,Norte,RO,,11,,,,2022-01-29,4,1777225.0,314027.0,1920,6827,0,,,
64,Norte,RO,,11,,,,2022-01-30,5,1777225.0,316282.0,2255,6830,3,,,
65,Norte,RO,,11,,,,2022-01-31,5,1777225.0,318313.0,2031,6833,3,,,
66,Norte,RO,,11,,,,2022-02-01,5,1777225.0,320984.0,2671,6837,4,,,
67,Norte,RO,,11,,,,2022-02-02,5,1777225.0,323699.0,2715,6844,7,,,
68,Norte,RO,,11,,,,2022-02-03,5,1777225.0,326272.0,2573,6846,2,,,
69,Norte,RO,,11,,,,2022-02-04,5,1777225.0,329658.0,3386,6857,11,,,
70,Norte,AC,,12,,,,2022-01-01,52,881935.0,88386.0,2,1851,0,,,
71,Norte,AC,,12,,,,2022-01-02,1,881935.0,88386.0,0,1851,0,,,
72,Norte,AC,,12,,,,2022-01-03,1,881935.0,88395.0,9,1851,0,,,
73,Norte,AC,,12,,,,2022-01-04,1,881935.0,88395.0,0,1852,1,,,
74,Norte,AC,,12,,,,2022-01-05,1,881935.0,88395.0,0,1852,0,,,
75,Norte,AC,,12,,,,2022-01-06,1,881935.0,88403.0,8,1852,0,,,
76,Norte,AC,,12,,,,2022-01-07,1,881935.0,88403.0,0,1852,0,,,
77,Norte,AC,,12,,,,2022-01-08,1,881935.0,88403.0,0,1852,0,,,
78,Norte,AC,,12,,,,2022-01-09,2,881935.0,88403.0,0,1852,0,,,
79,Norte,AC,,12,,,,2022-01-10,2,881935.0,88440.0,37,1852,0,,,
80,Norte,AC,,12,,,,2022-01-11,2,881935.0,88628.0,188,1854,2,,,
81,Norte,AC,,12,,,,2022-01-12,2,881935.0,88813.0,185,1854,0,,,
82,Norte,AC,,12,,,,2022-01-13,2,881935.0,89244.0,431,1854,0,,,
83,Norte,AC,,12,,,,2022-01-14,2,881935.0,89529.0,285,1854,0,,,
84,Norte,AC,,12,,,,2022-01-15,2,881935.0,89635.0,106,1854,0,,,
85,Norte,AC,,12,,,,2022-01-16,3,881935.0,89801.0,166,1854,0,,,
86,Norte,AC,,12,,,,2022-01-17,3,881935.0,90250.0,449,1854,0,,,
87,Norte,AC,,12,,,,2022-01-18,3,881935.0,90299.0,49,1854,0,,,
88,Norte,AC,,12,,,,2022-01-19,3,881935.0,91471.0,1172,1854,0,,,
89,Norte,AC,,12,,,,2022-01-20,3,881935.0,91781.0,310,1854,0,,,
90,Norte,AC,,12,,,,2022-01-21,3,881935.0,92004.0,223,1854,0,,,
91,Norte,AC,,12,,,,2022-01-22,3,881935.0,93533.0,1529,1855,1,,,
92,Norte,AC,,12,,,,2022-01-23,4,881935.0,93724.0,191,1857,2,,,
93,Norte,AC,,12,,,,2022-01-24,4,881935.0,95091.0,1367,1857,0,,,
94,Norte,AC,,12,,,,2022-01-25,4,881935.0,95594.0,503,1857,0,,,
95,Norte,AC,,12,,,,2022-01-26,4,881935.0,96532.0,938,1860,3,,,
96,Norte,AC,,12,,,,2022-01-27,4,881935.0,96834.0,302,1861,1,,,
97,Norte,AC,,12,,,,2022-01-28,4,881935.0,97430.0,596,1861,0,,,
98,Norte,AC,,12,,,,2022-01-29,4,881935.0,97829.0,399,1866,5,,,
99,Norte,AC,,12,,,,2022-01-30,5,881935.0,98149.0,320,1868,2,,,
100,Norte,AC,,12,,,,2022-01-31,5,881935.0,101260.0,3111,1871,3,,,
101,Norte,AC,,12,,,,2022-02-01,5,881935.0,101417.0,157,1877,6,,,
102,Norte,AC,,12,,,,2022-02-02,5,881935.0,102866.0,1449,1877,0,,,
103,Norte,AC,,12,,,,2022-02-03,5,881935.0,105014.0,2148,1881,4,,,
104,Norte,AC,,12,,,,2022-02-04,5,881935.0,105843.0,829,1886,5,,,
105,Norte,AM,,13,,,,2022-01-01,52,4144597.0,433850.0,37,13836,1,,,
106,Norte,AM,,13,,,,2022-01-02,1,4144597.0,433882.0,32,13837,1,,,
107,Norte,AM,,13,,,,2022-01-03,1,4144597.0,433970.0,88,13838,1,,,
108,Norte,AM,,13,,,,2022-01-04,1,4144597.0,434142.0,172,13838,0,,,
109,Norte,AM,,13,,,,2022-01-05,1,4144597.0,434320.0,178,13839,1,,,
110,Norte,AM,,13,,,,2022-01-06,1,4144597.0,434595.0,275,13842,3,,,
111,Norte,AM,,13,,,,2022-01-07,1,4144597.0,434958.0,363,13843,1,,,
112,Norte,AM,,13,,,,2022-01-08,1,4144597.0,435384.0,426,13844,1,,,
113,Norte,AM,,13,,,,2022-01-09,2,4144597.0,435749.0,365,13846,2,,,
114,Norte,AM,,13,,,,2022-01-10,2,4144597.0,435978.0,229,13849,3,,,
115,Norte,AM,,13,,,,2022-01-11,2,4144597.0,437197.0,1219,13850,1,,,
116,Norte,AM,,13,,,,2022-01-12,2,4144597.0,438856.0,1659,13851,1,,,
117,Norte,AM,,13,,,,2022-01-13,2,4144597.0,441260.0,2404,13855,4,,,
118,Norte,AM,,13,,,,2022-01-14,2,4144597.0,444042.0,2782,13856,1,,,
119,Norte,AM,,13,,,,2022-01-15,2,4144597.0,446680.0,2638,13856,0,,,
120,Norte,AM,,13,,,,2022-01-16,3,4144597.0,449759.0,3079,13857,1,,,
121,Norte,AM,,13,,,,2022-01-17,3,4144597.0,452433.0,2674,13858,1,,,
122,Norte,AM,,13,,,,2022-01-18,3,4144597.0,457408.0,4975,13860,2,,,
123,Norte,AM,,13,,,,2022-01-19,3,4144597.0,464913.0,7505,13863,3,,,
124,Norte,AM,,13,,,,2022-01-20,3,4144597.0,473232.0,8319,13869,6,,,
125,Norte,AM,,13,,,,2022-01-21,3,4144597.0,481295.0,8063,13881,12,,,
126,Norte,AM,,13,,,,2022-01-22,3,4144597.0,488762.0,7467,13881,0,,,
127,Norte,AM,,13,,,,2022-01-23,4,4144597.0,491973.0,3211,13886,5,,,
128,Norte,AM,,13,,,,2022-01-24,4,4144597.0,495528.0,3555,13892,6,,,
129,Norte,AM,,13,,,,2022-01-25,4,4144597.0,502862.0,7334,13902,10,,,
130,Norte,AM,,13,,,,2022-01-26,4,4144597.0,509128.0,6266,13908,6,,,
131,Norte,AM,,13,,,,2022-01-27,4,4144597.0,515440.0,6312,13913,5,,,
132,Norte,AM,,13,,,,2022-01-28,4,4144597.0,521451.0,6011,13922,9,,,
133,Norte,AM,,13,,,,2022-01-29,4,4144597.0,526320.0,4869,13928,6,,,
134,Norte,AM,,13,,,,2022-01-30,5,4144597.0,528268.0,1948,13936,8,,,
135,Norte,AM,,13,,,,2022-01-31,5,4144597.0,529876.0,1608,13949,13,,,
136,Norte,AM,,13,,,,2022-02-01,5,4144597.0,534592.0,4716,13962,13,,,
137,Norte,AM,,13,,,,2022-02-02,5,4144597.0,537441.0,2849,13981,19,,,
138,Norte,AM,,13,,,,2022-02-03,5,4144597.0,541668.0,4227,13991,10,,,
139,Norte,AM,,13,,,,2022-02-04,5,4144597.0,545165.0,3497,13998,7,,,
140,Norte,RR,,14,,,,2022-01-01,52,605761.0,129086.0,0,2078,0,,,
141,Norte,RR,,14,,,,2022-01-02,1,605761.0,129086.0,0,2078,0,,,
142,Norte,RR,,14,,,,2022-01-03,1,605761.0,129086.0,0,2078,0,,,
143,Norte,RR,,14,,,,2022-01-04,1,605761.0,129220.0,134,2078,0,,,
144,Norte,RR,,14,,,,2022-01-05,1,605761.0,129336.0,116,2078,0,,,
145,Norte,RR,,14,,,,2022-01-06,1,605761.0,129452.0,116,2078,0,,,
146,Norte,RR,,14,,,,2022-01-07,1,605761.0,129653.0,201,2078,0,,,
147,Norte,RR,,14,,,,2022-01-08,1,605761.0,129883.0,230,2078,0,,,
148,Norte,RR,,14,,,,2022-01-09,2,605761.0,130119.0,236,2078,0,,,
149,Norte,RR,,14,,,,2022-01-10,2,605761.0,130305.0,186,2078,0,,,
150,Norte,RR,,14,,,,2022-01-11,2,605761.0,130541.0,236,2078,0,,,
151,Norte,RR,,14,,,,2022-01-12,2,605761.0,130981.0,440,2078,0,,,
152,Norte,RR,,14,,,,2022-01-13,2,605761.0,131529.0,548,2078,0,,,
153,Norte,RR,,14,,,,2022-01-14,2,605761.0,132113.0,584,2078,0,,,
154,Norte,RR,,14,,,,2022-01-15,2,605761.0,132526.0,413,2078,0,,,
155,Norte,RR,,14,,,,2022-01-16,3,605761.0,132848.0,322,2078,0,,,
156,Norte,RR,,14,,,,2022-01-17,3,605761.0,133029.0,181,2078,0,,,
157,Norte,RR,,14,,,,2022-01-18,3,605761.0,133380.0,351,2082,4,,,
158,Norte,RR,,14,,,,2022-01-19,3,605761.0,134053.0,673,2082,0,,,
159,Norte,RR,,14,,,,2022-01-20,3,605761.0,134997.0,944,2084,2,,,
160,Norte,RR,,14,,,,2022-01-21,3,605761.0,135840.0,843,2084,0,,,
161,Norte,RR,,14,,,,2022-01-22,3,605761.0,136403.0,563,2086,2,,,
162,Norte,RR,,14,,,,2022-01-23,4,605761.0,137029.0,626,2086,0,,,
163,Norte,RR,,14,,,,2022-01-24,4,605761.0,137456.0,427,2086,0,,,
164,Norte,RR,,14,,,,2022-01-25,4,605761.0,137924.0,468,2086,0,,,
165,Norte,RR,,14,,,,2022-01-26,4,605761.0,138876.0,952,2086,0,,,
166,Norte,RR,,14,,,,2022-01-27,4,605761.0,139783.0,907,2091,5,,,
167,Norte,RR,,14,,,,2022-01-28,4,605761.0,140646.0,863,2096,5,,,
168,Norte,RR,,14,,,,2022-01-29,4,605761.0,141628.0,982,2096,0,,,
169,Norte,RR,,14,,,,2022-01-30,5,605761.0,142296.0,668,2096,0,,,
170,Norte,RR,,14,,,,2022-01-31,5,605761.0,142566.0,270,2096,0,,,
171,Norte,RR,,14,,,,2022-02-01,5,605761.0,142645.0,79,2096,0,,,
172,Norte,RR,,14,,,,2022-02-02,5,605761.0,143511.0,866,2099,3,,,
173,Norte,RR,,14,,,,2022-02-03,5,605761.0,144582.0,1071,2101,2,,,
174,Norte,RR,,14,,,,2022-02-04,5,605761.0,145077.0,495,2104,3,,,
175,Norte,PA,,15,,,,2022-01-01,52,8602865.0,625518.0,55,17091,2,,,
176,Norte,PA,,15,,,,2022-01-02,1,8602865.0,625527.0,9,17092,1,,,
177,Norte,PA,,15,,,,2022-01-03,1,8602865.0,625533.0,6,17093,1,,,
178,Norte,PA,,15,,,,2022-01-04,1,8602865.0,625982.0,449,17098,5,,,
179,Norte,PA,,15,,,,2022-01-05,1,8602865.0,626701.0,719,17108,10,,,
180,Norte,PA,,15,,,,2022-01-06,1,8602865.0,627439.0,738,17117,9,,,
181,Norte,PA,,15,,,,2022-01-07,1,8602865.0,628094.0,655,17143,26,,,
182,Norte,PA,,15,,,,2022-01-08,1,8602865.0,628813.0,719,17161,18,,,
183,Norte,PA,,15,,,,2022-01-09,2,8602865.0,629010.0,197,17165,4,,,
184,Norte,PA,,15,,,,2022-01-10,2,8602865.0,629169.0,159,17171,6,,,
185,Norte,PA,,15,,,,2022-01-11,2,8602865.0,629982.0,813,17186,15,,,
186,Norte,PA,,15,,,,2022-01-12,2,8602865.0,630652.0,670,17192,6,,,
187,Norte,PA,,15,,,,2022-01-13,2,8602865.0,631395.0,743,17203,11,,,
188,Norte,PA,,15,,,,2022-01-14,2,8602865.0,632264.0,869,17230,27,,,
189,Norte,PA,,15,,,,2022-01-15,2,8602865.0,632989.0,725,17233,3,,,
190,Norte,PA,,15,,,,2022-01-16,3,8602865.0,633356.0,367,17237,4,,,
191,Norte,PA,,15,,,,2022-01-17,3,8602865.0,633508.0,152,17239,2,,,
192,Norte,PA,,15,,,,2022-01-18,3,8602865.0,634200.0,692,17249,10,,,
193,Norte,PA,,15,,,,2022-01-19,3,8602865.0,634851.0,651,17261,12,,,
194,Norte,PA,,15,,,,2022-01-20,3,8602865.0,635898.0,1047,17267,6,,,
195,Norte,PA,,15,,,,2022-01-21,3,8602865.0,636990.0,1092,17272,5,,,
196,Norte,PA,,15,,,,2022-01-22,3,8602865.0,637758.0,768,17280,8,,,
197,Norte,PA,,15,,,,2022-01-23,4,8602865.0,637971.0,213,17283,3,,,
198,Norte,PA,,15,,,,2022-01-24,4,8602865.0,638330.0,359,17287,4,,,
199,Norte,PA,,15,,,,2022-01-25,4,8602865.0,639755.0,1425,17296,9,,,
200,Norte,PA,,15,,,,2022-01-26,4,8602865.0,641080.0,1325,17302,6,,,
201,Norte,PA,,15,,,,2022-01-27,4,8602865.0,642826.0,1746,17311,9,,,
202,Norte,PA,,15,,,,2022-01-28,4,8602865.0,644948.0,2122,17319,8,,,
203,Norte,PA,,15,,,,2022-01-29,4,8602865.0,647079.0,2131,17335,16,,,
204,Norte,PA,,15,,,,2022-01-30,5,8602865.0,647628.0,549,17340,5,,,
205,Norte,PA,,15,,,,2022-01-31,5,8602865.0,648139.0,511,17343,3,,,
206,Norte,PA,,15,,,,2022-02-01,5,8602865.0,650512.0,2373,17355,12,,,
207,Norte,PA,,15,,,,2022-02-02,5,8602865.0,653234.0,2722,17363,8,,,
208,Norte,PA,,15,,,,2022-02-03,5,8602865.0,656272.0,3038,17382,19,,,
209,Norte,PA,,15,,,,2022-02-04,5,8602865.0,658777.0,2505,17400,18,,,
210,Norte,AP,,16,,,,2022-01-01,52,845731.0,127013.0,32,2022,0,,,
211,Norte,AP,,16,,,,2022-01-02,1,845731.0,127033.0,20,2022,0,,,
212,Norte,AP,,16,,,,2022-01-03,1,845731.0,127080.0,47,2023,1,,,
213,Norte,AP,,16,,,,2022-01-04,1,845731.0,127147.0,67,2023,0,,,
214,Norte,AP,,16,,,,2022-01-05,1,845731.0,127208.0,61,2024,1,,,
215,Norte,AP,,16,,,,2022-01-06,1,845731.0,127298.0,90,2024,0,,,
216,Norte,AP,,16,,,,2022-01-07,1,845731.0,127381.0,83,2024,0,,,
217,Norte,AP,,16,,,,2022-01-08,1,845731.0,127480.0,99,2024,0,,,
218,Norte,AP,,16,,,,2022-01-09,2,845731.0,127529.0,49,2024,0,,,
219,Norte,AP,,16,,,,2022-01-10,2,845731.0,127586.0,57,2024,0,,,
220,Norte,AP,,16,,,,2022-01-11,2,845731.0,127794.0,208,2028,4,,,
221,Norte,AP,,16,,,,2022-01-12,2,845731.0,127963.0,169,2028,0,,,
222,Norte,AP,,16,,,,2022-01-13,2,845731.0,128212.0,249,2028,0,,,
223,Norte,AP,,16,,,,2022-01-14,2,845731.0,128571.0,359,2030,2,,,
224,Norte,AP,,16,,,,2022-01-15,2,845731.0,128799.0,228,2030,0,,,
225,Norte,AP,,16,,,,2022-01-16,3,845731.0,128990.0,191,2030,0,,,
226,Norte,AP,,16,,,,2022-01-17,3,845731.0,129580.0,590,2031,1,,,
227,Norte,AP,,16,,,,2022-01-18,3,845731.0,130239.0,659,2032,1,,,
228,Norte,AP,,16,,,,2022-01-19,3,845731.0,130947.0,708,2033,1,,,
229,Norte,AP,,16,,,,2022-01-20,3,845731.0,132389.0,1442,2033,0,,,
230,Norte,AP,,16,,,,2022-01-21,3,845731.0,134108.0,1719,2035,2,,,
231,Norte,AP,,16,,,,2022-01-22,3,845731.0,135391.0,1283,2036,1,,,
232,Norte,AP,,16,,,,2022-01-23,4,845731.0,136561.0,1170,2036,0,,,
233,Norte,AP,,16,,,,2022-01-24,4,845731.0,140462.0,3901,2039,3,,,
234,Norte,AP,,16,,,,2022-01-25,4,845731.0,143037.0,2575,2041,2,,,
235,Norte,AP,,16,,,,2022-01-26,4,845731.0,145141.0,2104,2043,2,,,
236,Norte,AP,,16,,,,2022-01-27,4,845731.0,147215.0,2074,2045,2,,,
237,Norte,AP,,16,,,,2022-01-28,4,845731.0,149199.0,1984,2047,2,,,
238,Norte,AP,,16,,,,2022-01-29,4,845731.0,150433.0,1234,2049,2,,,
239,Norte,AP,,16,,,,2022-01-30,5,845731.0,151208.0,775,2051,2,,,
240,Norte,AP,,16,,,,2022-01-31,5,845731.0,151958.0,750,2051,0,,,
241,Norte,AP,,16,,,,2022-02-01,5,845731.0,153068.0,1110,2053,2,,,
242,Norte,AP,,16,,,,2022-02-02,5,845731.0,154329.0,1261,2054,1,,,
243,Norte,AP,,16,,,,2022-02-03,5,845731.0,155288.0,959,2055,1,,,
244,Norte,AP,,16,,,,2022-02-04,5,845731.0,155838.0,550,2057,2,,,
245,Norte,TO,,17,,,,2022-01-01,52,1572866.0,235558.0,0,3939,0,,,
246,Norte,TO,,17,,,,2022-01-02,1,1572866.0,235558.0,0,3939,0,,,
247,Norte,TO,,17,,,,2022-01-03,1,1572866.0,235917.0,359,3942,3,,,
248,Norte,TO,,17,,,,2022-01-04,1,1572866.0,236554.0,637,3944,2,,,
249,Norte,TO,,17,,,,2022-01-05,1,1572866.0,237117.0,563,3945,1,,,
250,Norte,TO,,17,,,,2022-01-06,1,1572866.0,237760.0,643,3947,2,,,
251,Norte,TO,,17,,,,2022-01-07,1,1572866.0,238031.0,271,3949,2,,,
252,Norte,TO,,17,,,,2022-01-08,1,1572866.0,238746.0,715,3951,2,,,
253,Norte,TO,,17,,,,2022-01-09,2,1572866.0,238746.0,0,3951,0,,,
254,Norte,TO,,17,,,,2022-01-10,2,1572866.0,239022.0,276,3953,2,,,
255,Norte,TO,,17,,,,2022-01-11,2,1572866.0,240188.0,1166,3955,2,,,
256,Norte,TO,,17,,,,2022-01-12,2,1572866.0,241216.0,1028,3956,1,,,
257,Norte,TO,,17,,,,2022-01-13,2,1572866.0,241753.0,537,3959,3,,,
258,Norte,TO,,17,,,,2022-01-14,2,1572866.0,242824.0,1071,3963,4,,,
259,Norte,TO,,17,,,,2022-01-15,2,1572866.0,243157.0,333,3967,4,,,
260,Norte,TO,,17,,,,2022-01-16,3,1572866.0,243157.0,0,3967,0,,,
261,Norte,TO,,17,,,,2022-01-17,3,1572866.0,244197.0,1040,3972,5,,,
262,Norte,TO,,17,,,,2022-01-18,3,1572866.0,245897.0,1700,3976,4,,,
263,Norte,TO,,17,,,,2022-01-19,3,1572866.0,247897.0,2000,3978,2,,,
264,Norte,TO,,17,,,,2022-01-20,3,1572866.0,249695.0,1798,3980,2,,,
265,Norte,TO,,17,,,,2022-01-21,3,1572866.0,251748.0,2053,3981,1,,,
266,Norte,TO,,17,,,,2022-01-22,3,1572866.0,254144.0,2396,3983,2,,,
267,Norte,TO,,17,,,,2022-01-23,4,1572866.0,254144.0,0,3983,0,,,
268,Norte,TO,,17,,,,2022-01-24,4,1572866.0,255544.0,1400,3985,2,,,
269,Norte,TO,,17,,,,2022-01-25,4,1572866.0,257971.0,2427,3986,1,,,
270,Norte,TO,,17,,,,2022-01-26,4,1572866.0,260332.0,2361,3986,0,,,
271,Norte,TO,,17,,,,2022-01-27,4,1572866.0,262540.0,2208,3989,3,,,
272,Norte,TO,,17,,,,2022-01-28,4,1572866.0,264904.0,2364,3993,4,,,
273,Norte,TO,,17,,,,2022-01-29,4,1572866.0,267537.0,2633,3997,4,,,
274,Norte,TO,,17,,,,2022-01-30,5,1572866.0,267537.0,0,3997,0,,,
275,Norte,TO,,17,,,,2022-01-31,5,1572866.0,269128.0,1591,4001,4,,,
276,Norte,TO,,17,,,,2022-02-01,5,1572866.0,271819.0,2691,4004,3,,,
277,Norte,TO,,17,,,,2022-02-02,5,1572866.0,273687.0,1868,4008,4,,,
278,Norte,TO,,17,,,,2022-02-03,5,1572866.0,276380.0,2693,4013,5,,,
279,Norte,TO,,17,,,,2022-02-04,5,1572866.0,278366.0,1986,4016,3,,,
280,Nordeste,MA,,21,,,,2022-01-01,52,7075181.0,370694.0,49,10377,0,,,
281,Nordeste,MA,,21,,,,2022-01-02,1,7075181.0,370697.0,3,10378,1,,,
282,Nordeste,MA,,21,,,,2022-01-03,1,7075181.0,370747.0,50,10381,3,,,
283,Nordeste,MA,,21,,,,2022-01-04,1,7075181.0,370908.0,161,10384,3,,,
284,Nordeste,MA,,21,,,,2022-01-05,1,7075181.0,371132.0,224,10386,2,,,
285,Nordeste,MA,,21,,,,2022-01-06,1,7075181.0,371380.0,248,10390,4,,,
286,Nordeste,MA,,21,,,,2022-01-07,1,7075181.0,371740.0,360,10394,4,,,
287,Nordeste,MA,,21,,,,2022-01-08,1,7075181.0,371927.0,187,10396,2,,,
288,Nordeste,MA,,21,,,,2022-01-09,2,7075181.0,372010.0,83,10397,1,,,
289,Nordeste,MA,,21,,,,2022-01-10,2,7075181.0,372118.0,108,10399,2,,,
290,Nordeste,MA,,21,,,,2022-01-11,2,7075181.0,372567.0,449,10401,2,,,
291,Nordeste,MA,,21,,,,2022-01-12,2,7075181.0,373107.0,540,10402,1,,,
292,Nordeste,MA,,21,,,,2022-01-13,2,7075181.0,373578.0,471,10406,4,,,
293,Nordeste,MA,,21,,,,2022-01-14,2,7075181.0,374012.0,434,10411,5,,,
294,Nordeste,MA,,21,,,,2022-01-15,2,7075181.0,374304.0,292,10413,2,,,
295,Nordeste,MA,,21,,,,2022-01-16,3,7075181.0,374392.0,88,10418,5,,,
296,Nordeste,MA,,21,,,,2022-01-17,3,7075181.0,374563.0,171,10422,4,,,
297,Nordeste,MA,,21,,,,2022-01-18,3,7075181.0,375086.0,523,10427,5,,,
298,Nordeste,MA,,21,,,,2022-01-19,3,7075181.0,375725.0,639,10431,4,,,
299,Nordeste,MA,,21,,,,2022-01-20,3,7075181.0,376549.0,824,10433,2,,,
300,Nordeste,MA,,21,,,,2022-01-21,3,7075181.0,377458.0,909,10438,5,,,
301,Nordeste,MA,,21,,,,2022-01-22,3,7075181.0,378111.0,653,10443,5,,,
302,Nordeste,MA,,21,,,,2022-01-23,4,7075181.0,378415.0,304,10447,4,,,
303,Nordeste,MA,,21,,,,2022-01-24,4,7075181.0,378988.0,573,10452,5,,,
304,Nordeste,MA,,21,,,,2022-01-25,4,7075181.0,380137.0,1149,10454,2,,,
305,Nordeste,MA,,21,,,,2022-01-26,4,7075181.0,381652.0,1515,10457,3,,,
306,Nordeste,MA,,21,,,,2022-01-27,4,7075181.0,383200.0,1548,10462,5,,,
307,Nordeste,MA,,21,,,,2022-01-28,4,7075181.0,384940.0,1740,10470,8,,,
308,Nordeste,MA,,21,,,,2022-01-29,4,7075181.0,385884.0,944,10477,7,,,
309,Nordeste,MA,,21,,,,2022-01-30,5,7075181.0,386148.0,264,10483,6,,,
310,Nordeste,MA,,21,,,,2022-01-31,5,7075181.0,386567.0,419,10488,5,,,
311,Nordeste,MA,,21,,,,2022-02-01,5,7075181.0,387989.0,1422,10495,7,,,
312,Nordeste,MA,,21,,,,2022-02-02,5,7075181.0,389276.0,1287,10501,6,,,
313,Nordeste,MA,,21,,,,2022-02-03,5,7075181.0,390765.0,1489,10510,9,,,
314,Nordeste,MA,,21,,,,2022-02-04,5,7075181.0,392338.0,1573,10519,9,,,
315,Nordeste,PI,,22,,,,2022-01-01,52,3273227.0,334472.0,32,7275,0,,,
316,Nordeste,PI,,22,,,,2022-01-02,1,3273227.0,334490.0,18,7275,0,,,
317,Nordeste,PI,,22,,,,2022-01-03,1,3273227.0,334548.0,58,7279,4,,,
318,Nordeste,PI,,22,,,,2022-01-04,1,3273227.0,334582.0,34,7281,2,,,
319,Nordeste,PI,,22,,,,2022-01-05,1,3273227.0,334606.0,24,7283,2,,,
320,Nordeste,PI,,22,,,,2022-01-06,1,3273227.0,334664.0,58,7287,4,,,
321,Nordeste,PI,,22,,,,2022-01-07,1,3273227.0,344324.0,9660,7293,6,,,
322,Nordeste,PI,,22,,,,2022-01-08,1,3273227.0,344379.0,55,7295,2,,,
323,Nordeste,PI,,22,,,,2022-01-09,2,3273227.0,344434.0,55,7297,2,,,
324,Nordeste,PI,,22,,,,2022-01-10,2,3273227.0,344523.0,89,7297,0,,,
325,Nordeste,PI,,22,,,,2022-01-11,2,3273227.0,344557.0,34,7301,4,,,
326,Nordeste,PI,,22,,,,2022-01-12,2,3273227.0,344630.0,73,7303,2,,,
327,Nordeste,PI,,22,,,,2022-01-13,2,3273227.0,344668.0,38,7305,2,,,
328,Nordeste,PI,,22,,,,2022-01-14,2,3273227.0,344753.0,85,7306,1,,,
329,Nordeste,PI,,22,,,,2022-01-15,2,3273227.0,344821.0,68,7312,6,,,
330,Nordeste,PI,,22,,,,2022-01-16,3,3273227.0,345004.0,183,7314,2,,,
331,Nordeste,PI,,22,,,,2022-01-17,3,3273227.0,345078.0,74,7318,4,,,
332,Nordeste,PI,,22,,,,2022-01-18,3,3273227.0,336690.0,-8388,7323,5,,,
333,Nordeste,PI,,22,,,,2022-01-19,3,3273227.0,336925.0,235,7329,6,,,
334,Nordeste,PI,,22,,,,2022-01-20,3,3273227.0,337286.0,361,7333,4,,,
335,Nordeste,PI,,22,,,,2022-01-21,3,3273227.0,337653.0,367,7336,3,,,
336,Nordeste,PI,,22,,,,2022-01-22,3,3273227.0,338077.0,424,7343,7,,,
337,Nordeste,PI,,22,,,,2022-01-23,4,3273227.0,338343.0,266,7346,3,,,
338,Nordeste,PI,,22,,,,2022-01-24,4,3273227.0,338582.0,239,7348,2,,,
339,Nordeste,PI,,22,,,,2022-01-25,4,3273227.0,338895.0,313,7351,3,,,
340,Nordeste,PI,,22,,,,2022-01-26,4,3273227.0,339762.0,867,7356,5,,,
341,Nordeste,PI,,22,,,,2022-01-27,4,3273227.0,340452.0,690,7359,3,,,
342,Nordeste,PI,,22,,,,2022-01-28,4,3273227.0,341237.0,785,7361,2,,,
343,Nordeste,PI,,22,,,,2022-01-29,4,3273227.0,341968.0,731,7364,3,,,
344,Nordeste,PI,,22,,,,2022-01-30,5,3273227.0,342655.0,687,7368,4,,,
345,Nordeste,PI,,22,,,,2022-01-31,5,3273227.0,343014.0,359,7377,9,,,
346,Nordeste,PI,,22,,,,2022-02-01,5,3273227.0,344237.0,1223,7389,12,,,
347,Nordeste,PI,,22,,,,2022-02-02,5,3273227.0,345807.0,1570,7398,9,,,
348,Nordeste,PI,,22,,,,2022-02-03,5,3273227.0,347924.0,2117,7405,7,,,
349,Nordeste,PI,,22,,,,2022-02-04,5,3273227.0,349140.0,1216,7419,14,,,
350,Nordeste,CE,,23,,,,2022-01-01,52,9132078.0,957035.0,710,24806,0,,,
351,Nordeste,CE,,23,,,,2022-01-02,1,9132078.0,957203.0,168,24812,6,,,
352,Nordeste,CE,,23,,,,2022-01-03,1,9132078.0,957373.0,170,24815,3,,,
353,Nordeste,CE,,23,,,,2022-01-04,1,9132078.0,957498.0,125,24823,8,,,
354,Nordeste,CE,,23,,,,2022-01-05,1,9132078.0,957813.0,315,24826,3,,,
355,Nordeste,CE,,23,,,,2022-01-06,1,9132078.0,958080.0,267,24828,2,,,
356,Nordeste,CE,,23,,,,2022-01-07,1,9132078.0,960793.0,2713,24836,8,,,
357,Nordeste,CE,,23,,,,2022-01-08,1,9132078.0,960999.0,206,24841,5,,,
358,Nordeste,CE,,23,,,,2022-01-09,2,9132078.0,962200.0,1201,24842,1,,,
359,Nordeste,CE,,23,,,,2022-01-10,2,9132078.0,963644.0,1444,24851,9,,,
360,Nordeste,CE,,23,,,,2022-01-11,2,9132078.0,963773.0,129,24852,1,,,
361,Nordeste,CE,,23,,,,2022-01-12,2,9132078.0,964060.0,287,24852,0,,,
362,Nordeste,CE,,23,,,,2022-01-13,2,9132078.0,964566.0,506,24856,4,,,
363,Nordeste,CE,,23,,,,2022-01-14,2,9132078.0,966987.0,2421,24867,11,,,
364,Nordeste,CE,,23,,,,2022-01-15,2,9132078.0,968505.0,1518,24870,3,,,
365,Nordeste,CE,,23,,,,2022-01-16,3,9132078.0,970490.0,1985,24872,2,,,
366,Nordeste,CE,,23,,,,2022-01-17,3,9132078.0,970490.0,0,24872,0,,,
367,Nordeste,CE,,23,,,,2022-01-18,3,9132078.0,980698.0,10208,24916,44,,,
368,Nordeste,CE,,23,,,,2022-01-19,3,9132078.0,982377.0,1679,24942,26,,,
369,Nordeste,CE,,23,,,,2022-01-20,3,9132078.0,987114.0,4737,24956,14,,,
370,Nordeste,CE,,23,,,,2022-01-21,3,9132078.0,987114.0,0,24956,0,,,
371,Nordeste,CE,,23,,,,2022-01-22,3,9132078.0,990138.0,3024,24980,24,,,
372,Nordeste,CE,,23,,,,2022-01-23,4,9132078.0,1030428.0,40290,24996,16,,,
373,Nordeste,CE,,23,,,,2022-01-24,4,9132078.0,1032651.0,2223,25034,38,,,
374,Nordeste,CE,,23,,,,2022-01-25,4,9132078.0,1040161.0,7510,25053,19,,,
375,Nordeste,CE,,23,,,,2022-01-26,4,9132078.0,1040161.0,0,25053,0,,,
376,Nordeste,CE,,23,,,,2022-01-27,4,9132078.0,1050801.0,10640,25083,30,,,
377,Nordeste,CE,,23,,,,2022-01-28,4,9132078.0,1077060.0,26259,25175,92,,,
378,Nordeste,CE,,23,,,,2022-01-29,4,9132078.0,1077060.0,0,25175,0,,,
379,Nordeste,CE,,23,,,,2022-01-30,5,9132078.0,1119607.0,42547,25239,64,,,
380,Nordeste,CE,,23,,,,2022-01-31,5,9132078.0,1124676.0,5069,25245,6,,,
381,Nordeste,CE,,23,,,,2022-02-01,5,9132078.0,1131297.0,6621,25332,87,,,
382,Nordeste,CE,,23,,,,2022-02-02,5,9132078.0,1131297.0,0,25332,0,,,
383,Nordeste,CE,,23,,,,2022-02-03,5,9132078.0,1160180.0,28883,25450,118,,,
384,Nordeste,CE,,23,,,,2022-02-04,5,9132078.0,1175073.0,14893,25412,-38,,,
385,Nordeste,RN,,24,,,,2022-01-01,52,3506853.0,387352.0,150,7572,0,,,
386,Nordeste,RN,,24,,,,2022-01-02,1,3506853.0,387375.0,23,7572,0,,,
387,Nordeste,RN,,24,,,,2022-01-03,1,3506853.0,387542.0,167,7573,1,,,
388,Nordeste,RN,,24,,,,2022-01-04,1,3506853.0,387919.0,377,7577,4,,,
389,Nordeste,RN,,24,,,,2022-01-05,1,3506853.0,388313.0,394,7580,3,,,
390,Nordeste,RN,,24,,,,2022-01-06,1,3506853.0,388861.0,548,7581,1,,,
391,Nordeste,RN,,24,,,,2022-01-07,1,3506853.0,389367.0,506,7583,2,,,
392,Nordeste,RN,,24,,,,2022-01-08,1,3506853.0,390084.0,717,7584,1,,,
393,Nordeste,RN,,24,,,,2022-01-09,2,3506853.0,390311.0,227,7585,1,,,
394,Nordeste,RN,,24,,,,2022-01-10,2,3506853.0,390383.0,72,7586,1,,,
395,Nordeste,RN,,24,,,,2022-01-11,2,3506853.0,390977.0,594,7587,1,,,
396,Nordeste,RN,,24,,,,2022-01-12,2,3506853.0,391638.0,661,7587,0,,,
397,Nordeste,RN,,24,,,,2022-01-13,2,3506853.0,392614.0,976,7587,0,,,
398,Nordeste,RN,,24,,,,2022-01-14,2,3506853.0,393965.0,1351,7593,6,,,
399,Nordeste,RN,,24,,,,2022-01-15,2,3506853.0,394011.0,46,7599,6,,,
400,Nordeste,RN,,24,,,,2022-01-16,3,3506853.0,394291.0,280,7602,3,,,
401,Nordeste,RN,,24,,,,2022-01-17,3,3506853.0,394427.0,136,7604,2,,,
402,Nordeste,RN,,24,,,,2022-01-18,3,3506853.0,395645.0,1218,7611,7,,,
403,Nordeste,RN,,24,,,,2022-01-19,3,3506853.0,397352.0,1707,7618,7,,,
404,Nordeste,RN,,24,,,,2022-01-20,3,3506853.0,399213.0,1861,7622,4,,,
405,Nordeste,RN,,24,,,,2022-01-21,3,3506853.0,400653.0,1440,7628,6,,,
406,Nordeste,RN,,24,,,,2022-01-22,3,3506853.0,403321.0,2668,7635,7,,,
407,Nordeste,RN,,24,,,,2022-01-23,4,3506853.0,404812.0,1491,7637,2,,,
408,Nordeste,RN,,24,,,,2022-01-24,4,3506853.0,404907.0,95,7643,6,,,
409,Nordeste,RN,,24,,,,2022-01-25,4,3506853.0,407517.0,2610,7651,8,,,
410,Nordeste,RN,,24,,,,2022-01-26,4,3506853.0,410761.0,3244,7658,7,,,
411,Nordeste,RN,,24,,,,2022-01-27,4,3506853.0,415433.0,4672,7668,10,,,
412,Nordeste,RN,,24,,,,2022-01-28,4,3506853.0,419885.0,4452,7686,18,,,
413,Nordeste,RN,,24,,,,2022-01-29,4,3506853.0,423505.0,3620,7696,10,,,
414,Nordeste,RN,,24,,,,2022-01-30,5,3506853.0,424807.0,1302,7703,7,,,
415,Nordeste,RN,,24,,,,2022-01-31,5,3506853.0,425866.0,1059,7705,2,,,
416,Nordeste,RN,,24,,,,2022-02-01,5,3506853.0,428630.0,2764,7739,34,,,
417,Nordeste,RN,,24,,,,2022-02-02,5,3506853.0,431134.0,2504,7758,19,,,
418,Nordeste,RN,,24,,,,2022-02-03,5,3506853.0,434608.0,3474,7768,10,,,
419,Nordeste,RN,,24,,,,2022-02-04,5,3506853.0,437415.0,2807,7778,10,,,
420,Nordeste,PB,,25,,,,2022-01-01,52,4018127.0,464511.0,176,9597,1,,,
421,Nordeste,PB,,25,,,,2022-01-02,1,4018127.0,464565.0,54,9599,2,,,
422,Nordeste,PB,,25,,,,2022-01-03,1,4018127.0,464590.0,25,9600,1,,,
423,Nordeste,PB,,25,,,,2022-01-04,1,4018127.0,464629.0,39,9600,0,,,
424,Nordeste,PB,,25,,,,2022-01-05,1,4018127.0,464880.0,251,9601,1,,,
425,Nordeste,PB,,25,,,,2022-01-06,1,4018127.0,465082.0,202,9604,3,,,
426,Nordeste,PB,,25,,,,2022-01-07,1,4018127.0,465266.0,184,9606,2,,,
427,Nordeste,PB,,25,,,,2022-01-08,1,4018127.0,465373.0,107,9606,0,,,
428,Nordeste,PB,,25,,,,2022-01-09,2,4018127.0,465685.0,312,9606,0,,,
429,Nordeste,PB,,25,,,,2022-01-10,2,4018127.0,466027.0,342,9608,2,,,
430,Nordeste,PB,,25,,,,2022-01-11,2,4018127.0,466088.0,61,9609,1,,,
431,Nordeste,PB,,25,,,,2022-01-12,2,4018127.0,466088.0,0,9612,3,,,
432,Nordeste,PB,,25,,,,2022-01-13,2,4018127.0,466939.0,851,9613,1,,,
433,Nordeste,PB,,25,,,,2022-01-14,2,4018127.0,467443.0,504,9614,1,,,
434,Nordeste,PB,,25,,,,2022-01-15,2,4018127.0,468178.0,735,9614,0,,,
435,Nordeste,PB,,25,,,,2022-01-16,3,4018127.0,468244.0,66,9615,1,,,
436,Nordeste,PB,,25,,,,2022-01-17,3,4018127.0,468652.0,408,9617,2,,,
437,Nordeste,PB,,25,,,,2022-01-18,3,4018127.0,469004.0,352,9620,3,,,
438,Nordeste,PB,,25,,,,2022-01-19,3,4018127.0,470906.0,1902,9625,5,,,
439,Nordeste,PB,,25,,,,2022-01-20,3,4018127.0,472855.0,1949,9626,1,,,
440,Nordeste,PB,,25,,,,2022-01-21,3,4018127.0,474846.0,1991,9628,2,,,
441,Nordeste,PB,,25,,,,2022-01-22,3,4018127.0,477089.0,2243,9632,4,,,
442,Nordeste,PB,,25,,,,2022-01-23,4,4018127.0,479096.0,2007,9635,3,,,
443,Nordeste,PB,,25,,,,2022-01-24,4,4018127.0,479952.0,856,9640,5,,,
444,Nordeste,PB,,25,,,,2022-01-25,4,4018127.0,480736.0,784,9645,5,,,
445,Nordeste,PB,,25,,,,2022-01-26,4,4018127.0,483908.0,3172,9647,2,,,
446,Nordeste,PB,,25,,,,2022-01-27,4,4018127.0,487074.0,3166,9672,25,,,
447,Nordeste,PB,,25,,,,2022-01-28,4,4018127.0,490428.0,3354,9686,14,,,
448,Nordeste,PB,,25,,,,2022-01-29,4,4018127.0,494098.0,3670,9695,9,,,
449,Nordeste,PB,,25,,,,2022-01-30,5,4018127.0,497653.0,3555,9702,7,,,
450,Nordeste,PB,,25,,,,2022-01-31,5,4018127.0,498923.0,1270,9716,14,,,
451,Nordeste,PB,,25,,,,2022-02-01,5,4018127.0,499327.0,404,9723,7,,,
452,Nordeste,PB,,25,,,,2022-02-02,5,4018127.0,504194.0,4867,9738,15,,,
453,Nordeste,PB,,25,,,,2022-02-03,5,4018127.0,504216.0,22,9755,17,,,
454,Nordeste,PB,,25,,,,2022-02-04,5,4018127.0,512790.0,8574,9770,15,,,
455,Nordeste,PE,,26,,,,2022-01-01,52,9557071.0,645887.0,206,20454,7,,,
456,Nordeste,PE,,26,,,,2022-01-02,1,9557071.0,645946.0,59,20460,6,,,
457,Nordeste,PE,,26,,,,2022-01-03,1,9557071.0,646004.0,58,20465,5,,,
458,Nordeste,PE,,26,,,,2022-01-04,1,9557071.0,646276.0,272,20473,8,,,
459,Nordeste,PE,,26,,,,2022-01-05,1,9557071.0,646788.0,512,20481,8,,,
460,Nordeste,PE,,26,,,,2022-01-06,1,9557071.0,647427.0,639,20489,8,,,
461,Nordeste,PE,,26,,,,2022-01-07,1,9557071.0,648110.0,683,20496,7,,,
462,Nordeste,PE,,26,,,,2022-01-08,1,9557071.0,648856.0,746,20501,5,,,
463,Nordeste,PE,,26,,,,2022-01-09,2,9557071.0,649262.0,406,20507,6,,,
464,Nordeste,PE,,26,,,,2022-01-10,2,9557071.0,649459.0,197,20511,4,,,
465,Nordeste,PE,,26,,,,2022-01-11,2,9557071.0,650270.0,811,20519,8,,,
466,Nordeste,PE,,26,,,,2022-01-12,2,9557071.0,651223.0,953,20527,8,,,
467,Nordeste,PE,,26,,,,2022-01-13,2,9557071.0,652670.0,1447,20531,4,,,
468,Nordeste,PE,,26,,,,2022-01-14,2,9557071.0,654170.0,1500,20536,5,,,
469,Nordeste,PE,,26,,,,2022-01-15,2,9557071.0,654766.0,596,20544,8,,,
470,Nordeste,PE,,26,,,,2022-01-16,3,9557071.0,655069.0,303,20548,4,,,
471,Nordeste,PE,,26,,,,2022-01-17,3,9557071.0,655476.0,407,20554,6,,,
472,Nordeste,PE,,26,,,,2022-01-18,3,9557071.0,657143.0,1667,20558,4,,,
473,Nordeste,PE,,26,,,,2022-01-19,3,9557071.0,659358.0,2215,20566,8,,,
474,Nordeste,PE,,26,,,,2022-01-20,3,9557071.0,661588.0,2230,20570,4,,,
475,Nordeste,PE,,26,,,,2022-01-21,3,9557071.0,663854.0,2266,20574,4,,,
476,Nordeste,PE,,26,,,,2022-01-22,3,9557071.0,667212.0,3358,20581,7,,,
477,Nordeste,PE,,26,,,,2022-01-23,4,9557071.0,668570.0,1358,20586,5,,,
478,Nordeste,PE,,26,,,,2022-01-24,4,9557071.0,669804.0,1234,20590,4,,,
479,Nordeste,PE,,26,,,,2022-01-25,4,9557071.0,672585.0,2781,20599,9,,,
480,Nordeste,PE,,26,,,,2022-01-26,4,9557071.0,677307.0,4722,20607,8,,,
481,Nordeste,PE,,26,,,,2022-01-27,4,9557071.0,682805.0,5498,20615,8,,,
482,Nordeste,PE,,26,,,,2022-01-28,4,9557071.0,688513.0,5708,20621,6,,,
483,Nordeste,PE,,26,,,,2022-01-29,4,9557071.0,695094.0,6581,20627,6,,,
484,Nordeste,PE,,26,,,,2022-01-30,5,9557071.0,697295.0,2201,20635,8,,,
485,Nordeste,PE,,26,,,,2022-01-31,5,9557071.0,698267.0,972,20643,8,,,
486,Nordeste,PE,,26,,,,2022-02-01,5,9557071.0,704277.0,6010,20659,16,,,
487,Nordeste,PE,,26,,,,2022-02-02,5,9557071.0,712083.0,7806,20682,23,,,
488,Nordeste,PE,,26,,,,2022-02-03,5,9557071.0,716733.0,4650,20701,19,,,
489,Nordeste,PE,,26,,,,2022-02-04,5,9557071.0,722858.0,6125,20712,11,,,
490,Nordeste,AL,,27,,,,2022-01-01,52,3337357.0,242091.0,11,6383,0,,,
491,Nordeste,AL,,27,,,,2022-01-02,1,3337357.0,242104.0,13,6383,0,,,
492,Nordeste,AL,,27,,,,2022-01-03,1,3337357.0,242108.0,4,6383,0,,,
493,Nordeste,AL,,27,,,,2022-01-04,1,3337357.0,242165.0,57,6383,0,,,
494,Nordeste,AL,,27,,,,2022-01-05,1,3337357.0,242225.0,60,6385,2,,,
495,Nordeste,AL,,27,,,,2022-01-06,1,3337357.0,242367.0,142,6385,0,,,
496,Nordeste,AL,,27,,,,2022-01-07,1,3337357.0,242563.0,196,6385,0,,,
497,Nordeste,AL,,27,,,,2022-01-08,1,3337357.0,242752.0,189,6386,1,,,
498,Nordeste,AL,,27,,,,2022-01-09,2,3337357.0,243188.0,436,6387,1,,,
499,Nordeste,AL,,27,,,,2022-01-10,2,3337357.0,243620.0,432,6389,2,,,
500,Nordeste,AL,,27,,,,2022-01-11,2,3337357.0,243736.0,116,6389,0,,,
501,Nordeste,AL,,27,,,,2022-01-12,2,3337357.0,244055.0,319,6389,0,,,
502,Nordeste,AL,,27,,,,2022-01-13,2,3337357.0,244561.0,506,6389,0,,,
503,Nordeste,AL,,27,,,,2022-01-14,2,3337357.0,244908.0,347,6391,2,,,
504,Nordeste,AL,,27,,,,2022-01-15,2,3337357.0,245054.0,146,6391,0,,,
505,Nordeste,AL,,27,,,,2022-01-16,3,3337357.0,245628.0,574,6393,2,,,
506,Nordeste,AL,,27,,,,2022-01-17,3,3337357.0,246044.0,416,6395,2,,,
507,Nordeste,AL,,27,,,,2022-01-18,3,3337357.0,246511.0,467,6397,2,,,
508,Nordeste,AL,,27,,,,2022-01-19,3,3337357.0,247013.0,502,6399,2,,,
509,Nordeste,AL,,27,,,,2022-01-20,3,3337357.0,247550.0,537,6401,2,,,
510,Nordeste,AL,,27,,,,2022-01-21,3,3337357.0,248397.0,847,6403,2,,,
511,Nordeste,AL,,27,,,,2022-01-22,3,3337357.0,249267.0,870,6405,2,,,
512,Nordeste,AL,,27,,,,2022-01-23,4,3337357.0,250239.0,972,6407,2,,,
513,Nordeste,AL,,27,,,,2022-01-24,4,3337357.0,251188.0,949,6409,2,,,
514,Nordeste,AL,,27,,,,2022-01-25,4,3337357.0,251724.0,536,6411,2,,,
515,Nordeste,AL,,27,,,,2022-01-26,4,3337357.0,252440.0,716,6416,5,,,
516,Nordeste,AL,,27,,,,2022-01-27,4,3337357.0,252983.0,543,6421,5,,,
517,Nordeste,AL,,27,,,,2022-01-28,4,3337357.0,256808.0,3825,6426,5,,,
518,Nordeste,AL,,27,,,,2022-01-29,4,3337357.0,257136.0,328,6431,5,,,
519,Nordeste,AL,,27,,,,2022-01-30,5,3337357.0,257663.0,527,6436,5,,,
520,Nordeste,AL,,27,,,,2022-01-31,5,3337357.0,258240.0,577,6441,5,,,
521,Nordeste,AL,,27,,,,2022-02-01,5,3337357.0,261715.0,3475,6446,5,,,
522,Nordeste,AL,,27,,,,2022-02-02,5,3337357.0,262163.0,448,6451,5,,,
523,Nordeste,AL,,27,,,,2022-02-03,5,3337357.0,262735.0,572,6456,5,,,
524,Nordeste,AL,,27,,,,2022-02-04,5,3337357.0,267909.0,5174,6461,5,,,
525,Nordeste,SE,,28,,,,2022-01-01,52,2298696.0,278538.0,8,6057,0,,,
526,Nordeste,SE,,28,,,,2022-01-02,1,2298696.0,278539.0,1,6057,0,,,
527,Nordeste,SE,,28,,,,2022-01-03,1,2298696.0,278539.0,0,6058,1,,,
528,Nordeste,SE,,28,,,,2022-01-04,1,2298696.0,278557.0,18,6059,1,,,
529,Nordeste,SE,,28,,,,2022-01-05,1,2298696.0,278570.0,13,6059,0,,,
530,Nordeste,SE,,28,,,,2022-01-06,1,2298696.0,278650.0,80,6060,1,,,
531,Nordeste,SE,,28,,,,2022-01-07,1,2298696.0,278685.0,35,6060,0,,,
532,Nordeste,SE,,28,,,,2022-01-08,1,2298696.0,278814.0,129,6061,1,,,
533,Nordeste,SE,,28,,,,2022-01-09,2,2298696.0,278943.0,129,6062,1,,,
534,Nordeste,SE,,28,,,,2022-01-10,2,2298696.0,278961.0,18,6062,0,,,
535,Nordeste,SE,,28,,,,2022-01-11,2,2298696.0,279065.0,104,6062,0,,,
536,Nordeste,SE,,28,,,,2022-01-12,2,2298696.0,279235.0,170,6062,0,,,
537,Nordeste,SE,,28,,,,2022-01-13,2,2298696.0,279337.0,102,6063,1,,,
538,Nordeste,SE,,28,,,,2022-01-14,2,2298696.0,279587.0,250,6064,1,,,
539,Nordeste,SE,,28,,,,2022-01-15,2,2298696.0,279897.0,310,6065,1,,,
540,Nordeste,SE,,28,,,,2022-01-16,3,2298696.0,280211.0,314,6066,1,,,
541,Nordeste,SE,,28,,,,2022-01-17,3,2298696.0,280308.0,97,6067,1,,,
542,Nordeste,SE,,28,,,,2022-01-18,3,2298696.0,280588.0,280,6067,0,,,
543,Nordeste,SE,,28,,,,2022-01-19,3,2298696.0,281053.0,465,6068,1,,,
544,Nordeste,SE,,28,,,,2022-01-20,3,2298696.0,281430.0,377,6069,1,,,
545,Nordeste,SE,,28,,,,2022-01-21,3,2298696.0,282070.0,640,6070,1,,,
546,Nordeste,SE,,28,,,,2022-01-22,3,2298696.0,282972.0,902,6072,2,,,
547,Nordeste,SE,,28,,,,2022-01-23,4,2298696.0,283671.0,699,6074,2,,,
548,Nordeste,SE,,28,,,,2022-01-24,4,2298696.0,284333.0,662,6075,1,,,
549,Nordeste,SE,,28,,,,2022-01-25,4,2298696.0,284928.0,595,6077,2,,,
550,Nordeste,SE,,28,,,,2022-01-26,4,2298696.0,286187.0,1259,6079,2,,,
551,Nordeste,SE,,28,,,,2022-01-27,4,2298696.0,287212.0,1025,6081,2,,,
552,Nordeste,SE,,28,,,,2022-01-28,4,2298696.0,289076.0,1864,6084,3,,,
553,Nordeste,SE,,28,,,,2022-01-29,4,2298696.0,290298.0,1222,6089,5,,,
554,Nordeste,SE,,28,,,,2022-01-30,5,2298696.0,292167.0,1869,6093,4,,,
555,Nordeste,SE,,28,,,,2022-01-31,5,2298696.0,293716.0,1549,6098,5,,,
556,Nordeste,SE,,28,,,,2022-02-01,5,2298696.0,295696.0,1980,6103,5,,,
557,Nordeste,SE,,28,,,,2022-02-02,5,2298696.0,297332.0,1636,6109,6,,,
558,Nordeste,SE,,28,,,,2022-02-03,5,2298696.0,299127.0,1795,6115,6,,,
559,Nordeste,SE,,28,,,,2022-02-04,5,2298696.0,301161.0,2034,6120,5,,,
560,Nordeste,BA,,29,,,,2022-01-01,52,14873064.0,1271029.0,171,27507,1,,,
561,Nordeste,BA,,29,,,,2022-01-02,1,14873064.0,1271155.0,126,27510,3,,,
562,Nordeste,BA,,29,,,,2022-01-03,1,14873064.0,1271250.0,95,27519,9,,,
563,Nordeste,BA,,29,,,,2022-01-04,1,14873064.0,1271962.0,712,27538,19,,,
564,Nordeste,BA,,29,,,,2022-01-05,1,14873064.0,1272667.0,705,27550,12,,,
565,Nordeste,BA,,29,,,,2022-01-06,1,14873064.0,1273955.0,1288,27554,4,,,
566,Nordeste,BA,,29,,,,2022-01-07,1,14873064.0,1275289.0,1334,27574,20,,,
567,Nordeste,BA,,29,,,,2022-01-08,1,14873064.0,1276832.0,1543,27589,15,,,
568,Nordeste,BA,,29,,,,2022-01-09,2,14873064.0,1277608.0,776,27592,3,,,
569,Nordeste,BA,,29,,,,2022-01-10,2,14873064.0,1277975.0,367,27607,15,,,
570,Nordeste,BA,,29,,,,2022-01-11,2,14873064.0,1280127.0,2152,27616,9,,,
571,Nordeste,BA,,29,,,,2022-01-12,2,14873064.0,1281737.0,1610,27628,12,,,
572,Nordeste,BA,,29,,,,2022-01-13,2,14873064.0,1283736.0,1999,27642,14,,,
573,Nordeste,BA,,29,,,,2022-01-14,2,14873064.0,1286166.0,2430,27650,8,,,
574,Nordeste,BA,,29,,,,2022-01-15,2,14873064.0,1287084.0,918,27658,8,,,
575,Nordeste,BA,,29,,,,2022-01-16,3,14873064.0,1288556.0,1472,27662,4,,,
576,Nordeste,BA,,29,,,,2022-01-17,3,14873064.0,1290351.0,1795,27672,10,,,
577,Nordeste,BA,,29,,,,2022-01-18,3,14873064.0,1294269.0,3918,27695,23,,,
578,Nordeste,BA,,29,,,,2022-01-19,3,14873064.0,1299156.0,4887,27711,16,,,
579,Nordeste,BA,,29,,,,2022-01-20,3,14873064.0,1303045.0,3889,27731,20,,,
580,Nordeste,BA,,29,,,,2022-01-21,3,14873064.0,1308146.0,5101,27752,21,,,
581,Nordeste,BA,,29,,,,2022-01-22,3,14873064.0,1312371.0,4225,27770,18,,,
582,Nordeste,BA,,29,,,,2022-01-23,4,14873064.0,1316452.0,4081,27773,3,,,
583,Nordeste,BA,,29,,,,2022-01-24,4,14873064.0,1319176.0,2724,27791,18,,,
584,Nordeste,BA,,29,,,,2022-01-25,4,14873064.0,1325321.0,6145,27819,28,,,
585,Nordeste,BA,,29,,,,2022-01-26,4,14873064.0,1331776.0,6455,27837,18,,,
586,Nordeste,BA,,29,,,,2022-01-27,4,14873064.0,1339384.0,7608,27866,29,,,
587,Nordeste,BA,,29,,,,2022-01-28,4,14873064.0,1347375.0,7991,27894,28,,,
588,Nordeste,BA,,29,,,,2022-01-29,4,14873064.0,1355500.0,8125,27907,13,,,
589,Nordeste,BA,,29,,,,2022-01-30,5,14873064.0,1359487.0,3987,27912,5,,,
590,Nordeste,BA,,29,,,,2022-01-31,5,14873064.0,1363312.0,3825,27944,32,,,
591,Nordeste,BA,,29,,,,2022-02-01,5,14873064.0,1367697.0,4385,27981,37,,,
592,Nordeste,BA,,29,,,,2022-02-02,5,14873064.0,1374028.0,6331,28026,45,,,
593,Nordeste,BA,,29,,,,2022-02-03,5,14873064.0,1389564.0,15536,28077,51,,,
594,Nordeste,BA,,29,,,,2022-02-04,5,14873064.0,1399401.0,9837,28133,56,,,
595,Sudeste,MG,,31,,,,2022-01-01,52,21168791.0,2224553.0,568,56659,0,,,
596,Sudeste,MG,,31,,,,2022-01-02,1,21168791.0,2224553.0,0,56659,0,,,
597,Sudeste,MG,,31,,,,2022-01-03,1,21168791.0,2226164.0,1611,56668,9,,,
598,Sudeste,MG,,31,,,,2022-01-04,1,21168791.0,2228574.0,2410,56683,15,,,
599,Sudeste,MG,,31,,,,2022-01-05,1,21168791.0,2233159.0,4585,56695,12,,,
600,Sudeste,MG,,31,,,,2022-01-06,1,21168791.0,2236559.0,3400,56712,17,,,
601,Sudeste,MG,,31,,,,2022-01-07,1,21168791.0,2247541.0,10982,56717,5,,,
602,Sudeste,MG,,31,,,,2022-01-08,1,21168791.0,2257723.0,10182,56728,11,,,
603,Sudeste,MG,,31,,,,2022-01-09,2,21168791.0,2264274.0,6551,56743,15,,,
604,Sudeste,MG,,31,,,,2022-01-10,2,21168791.0,2266456.0,2182,56743,0,,,
605,Sudeste,MG,,31,,,,2022-01-11,2,21168791.0,2277380.0,10924,56744,1,,,
606,Sudeste,MG,,31,,,,2022-01-12,2,21168791.0,2295533.0,18153,56755,11,,,
607,Sudeste,MG,,31,,,,2022-01-13,2,21168791.0,2311318.0,15785,56768,13,,,
608,Sudeste,MG,,31,,,,2022-01-14,2,21168791.0,2330228.0,18910,56791,23,,,
609,Sudeste,MG,,31,,,,2022-01-15,2,21168791.0,2349381.0,19153,56810,19,,,
610,Sudeste,MG,,31,,,,2022-01-16,3,21168791.0,2349381.0,0,56810,0,,,
611,Sudeste,MG,,31,,,,2022-01-17,3,21168791.0,2362231.0,12850,56832,22,,,
612,Sudeste,MG,,31,,,,2022-01-18,3,21168791.0,2383041.0,20810,56833,1,,,
613,Sudeste,MG,,31,,,,2022-01-19,3,21168791.0,2410724.0,27683,56866,33,,,
614,Sudeste,MG,,31,,,,2022-01-20,3,21168791.0,2436663.0,25939,56895,29,,,
615,Sudeste,MG,,31,,,,2022-01-21,3,21168791.0,2463640.0,26977,56918,23,,,
616,Sudeste,MG,,31,,,,2022-01-22,3,21168791.0,2489776.0,26136,56941,23,,,
617,Sudeste,MG,,31,,,,2022-01-23,4,21168791.0,2505003.0,15227,56962,21,,,
618,Sudeste,MG,,31,,,,2022-01-24,4,21168791.0,2514049.0,9046,56965,3,,,
619,Sudeste,MG,,31,,,,2022-01-25,4,21168791.0,2538453.0,24404,56976,11,,,
620,Sudeste,MG,,31,,,,2022-01-26,4,21168791.0,2574836.0,36383,57038,62,,,
621,Sudeste,MG,,31,,,,2022-01-27,4,21168791.0,2609256.0,34420,57093,55,,,
622,Sudeste,MG,,31,,,,2022-01-28,4,21168791.0,2650009.0,40753,57137,44,,,
623,Sudeste,MG,,31,,,,2022-01-29,4,21168791.0,2680134.0,30125,57214,77,,,
624,Sudeste,MG,,31,,,,2022-01-30,5,21168791.0,2705734.0,25600,57306,92,,,
625,Sudeste,MG,,31,,,,2022-01-31,5,21168791.0,2713581.0,7847,57314,8,,,
626,Sudeste,MG,,31,,,,2022-02-01,5,21168791.0,2737915.0,24334,57331,17,,,
627,Sudeste,MG,,31,,,,2022-02-02,5,21168791.0,2777186.0,39271,57440,109,,,
628,Sudeste,MG,,31,,,,2022-02-03,5,21168791.0,2805771.0,28585,57575,135,,,
629,Sudeste,MG,,31,,,,2022-02-04,5,21168791.0,2833192.0,27421,57655,80,,,
630,Sudeste,ES,,32,,,,2022-01-01,52,4018650.0,629925.0,54,13330,2,,,
631,Sudeste,ES,,32,,,,2022-01-02,1,4018650.0,630104.0,179,13331,1,,,
632,Sudeste,ES,,32,,,,2022-01-03,1,4018650.0,630389.0,285,13335,4,,,
633,Sudeste,ES,,32,,,,2022-01-04,1,4018650.0,630862.0,473,13336,1,,,
634,Sudeste,ES,,32,,,,2022-01-05,1,4018650.0,631637.0,775,13339,3,,,
635,Sudeste,ES,,32,,,,2022-01-06,1,4018650.0,632668.0,1031,13344,5,,,
636,Sudeste,ES,,32,,,,2022-01-07,1,4018650.0,634205.0,1537,13349,5,,,
637,Sudeste,ES,,32,,,,2022-01-08,1,4018650.0,634620.0,415,13350,1,,,
638,Sudeste,ES,,32,,,,2022-01-09,2,4018650.0,636393.0,1773,13351,1,,,
639,Sudeste,ES,,32,,,,2022-01-10,2,4018650.0,643421.0,7028,13353,2,,,
640,Sudeste,ES,,32,,,,2022-01-11,2,4018650.0,643892.0,471,13353,0,,,
641,Sudeste,ES,,32,,,,2022-01-12,2,4018650.0,648757.0,4865,13360,7,,,
642,Sudeste,ES,,32,,,,2022-01-13,2,4018650.0,652564.0,3807,13363,3,,,
643,Sudeste,ES,,32,,,,2022-01-14,2,4018650.0,656722.0,4158,13369,6,,,
644,Sudeste,ES,,32,,,,2022-01-15,2,4018650.0,661353.0,4631,13371,2,,,
645,Sudeste,ES,,32,,,,2022-01-16,3,4018650.0,661762.0,409,13371,0,,,
646,Sudeste,ES,,32,,,,2022-01-17,3,4018650.0,671240.0,9478,13376,5,,,
647,Sudeste,ES,,32,,,,2022-01-18,3,4018650.0,679249.0,8009,13382,6,,,
648,Sudeste,ES,,32,,,,2022-01-19,3,4018650.0,688094.0,8845,13392,10,,,
649,Sudeste,ES,,32,,,,2022-01-20,3,4018650.0,697789.0,9695,13398,6,,,
650,Sudeste,ES,,32,,,,2022-01-21,3,4018650.0,710261.0,12472,13409,11,,,
651,Sudeste,ES,,32,,,,2022-01-22,3,4018650.0,721839.0,11578,13413,4,,,
652,Sudeste,ES,,32,,,,2022-01-23,4,4018650.0,728774.0,6935,13415,2,,,
653,Sudeste,ES,,32,,,,2022-01-24,4,4018650.0,738114.0,9340,13426,11,,,
654,Sudeste,ES,,32,,,,2022-01-25,4,4018650.0,738114.0,0,13426,0,,,
655,Sudeste,ES,,32,,,,2022-01-26,4,4018650.0,773536.0,35422,13449,23,,,
656,Sudeste,ES,,32,,,,2022-01-27,4,4018650.0,788121.0,14585,13457,8,,,
657,Sudeste,ES,,32,,,,2022-01-28,4,4018650.0,811295.0,23174,13478,21,,,
658,Sudeste,ES,,32,,,,2022-01-29,4,4018650.0,825410.0,14115,13484,6,,,
659,Sudeste,ES,,32,,,,2022-01-30,5,4018650.0,832984.0,7574,13490,6,,,
660,Sudeste,ES,,32,,,,2022-01-31,5,4018650.0,843166.0,10182,13509,19,,,
661,Sudeste,ES,,32,,,,2022-02-01,5,4018650.0,860526.0,17360,13552,43,,,
662,Sudeste,ES,,32,,,,2022-02-02,5,4018650.0,876675.0,16149,13581,29,,,
663,Sudeste,ES,,32,,,,2022-02-03,5,4018650.0,892638.0,15963,13601,20,,,
664,Sudeste,ES,,32,,,,2022-02-04,5,4018650.0,908707.0,16069,13635,34,,,
665,Sudeste,RJ,,33,,,,2022-01-01,52,17264943.0,1352852.0,28,69472,5,,,
666,Sudeste,RJ,,33,,,,2022-01-02,1,17264943.0,1352925.0,73,69472,0,,,
667,Sudeste,RJ,,33,,,,2022-01-03,1,17264943.0,1356863.0,3938,69472,0,,,
668,Sudeste,RJ,,33,,,,2022-01-04,1,17264943.0,1359403.0,2540,69513,41,,,
669,Sudeste,RJ,,33,,,,2022-01-05,1,17264943.0,1362872.0,3469,69515,2,,,
670,Sudeste,RJ,,33,,,,2022-01-06,1,17264943.0,1368337.0,5465,69520,5,,,
671,Sudeste,RJ,,33,,,,2022-01-07,1,17264943.0,1375179.0,6842,69524,4,,,
672,Sudeste,RJ,,33,,,,2022-01-08,1,17264943.0,1382484.0,7305,69530,6,,,
673,Sudeste,RJ,,33,,,,2022-01-09,2,17264943.0,1385935.0,3451,69532,2,,,
674,Sudeste,RJ,,33,,,,2022-01-10,2,17264943.0,1386877.0,942,69532,0,,,
675,Sudeste,RJ,,33,,,,2022-01-11,2,17264943.0,1397366.0,10489,69546,14,,,
676,Sudeste,RJ,,33,,,,2022-01-12,2,17264943.0,1409367.0,12001,69553,7,,,
677,Sudeste,RJ,,33,,,,2022-01-13,2,17264943.0,1422204.0,12837,69565,12,,,
678,Sudeste,RJ,,33,,,,2022-01-14,2,17264943.0,1438321.0,16117,69574,9,,,
679,Sudeste,RJ,,33,,,,2022-01-15,2,17264943.0,1438711.0,390,69579,5,,,
680,Sudeste,RJ,,33,,,,2022-01-16,3,17264943.0,1442517.0,3806,69585,6,,,
681,Sudeste,RJ,,33,,,,2022-01-17,3,17264943.0,1444349.0,1832,69586,1,,,
682,Sudeste,RJ,,33,,,,2022-01-18,3,17264943.0,1459328.0,14979,69616,30,,,
683,Sudeste,RJ,,33,,,,2022-01-19,3,17264943.0,1528551.0,69223,69623,7,,,
684,Sudeste,RJ,,33,,,,2022-01-20,3,17264943.0,1550953.0,22402,69637,14,,,
685,Sudeste,RJ,,33,,,,2022-01-21,3,17264943.0,1571974.0,21021,69649,12,,,
686,Sudeste,RJ,,33,,,,2022-01-22,3,17264943.0,1602066.0,30092,69674,25,,,
687,Sudeste,RJ,,33,,,,2022-01-23,4,17264943.0,1610135.0,8069,69677,3,,,
688,Sudeste,RJ,,33,,,,2022-01-24,4,17264943.0,1613260.0,3125,69689,12,,,
689,Sudeste,RJ,,33,,,,2022-01-25,4,17264943.0,1637812.0,24552,69700,11,,,
690,Sudeste,RJ,,33,,,,2022-01-26,4,17264943.0,1661208.0,23396,69726,26,,,
691,Sudeste,RJ,,33,,,,2022-01-27,4,17264943.0,1695972.0,34764,69776,50,,,
692,Sudeste,RJ,,33,,,,2022-01-28,4,17264943.0,1723682.0,27710,69804,28,,,
693,Sudeste,RJ,,33,,,,2022-01-29,4,17264943.0,1747887.0,24205,69849,45,,,
694,Sudeste,RJ,,33,,,,2022-01-30,5,17264943.0,1753395.0,5508,69878,29,,,
695,Sudeste,RJ,,33,,,,2022-01-31,5,17264943.0,1757151.0,3756,69884,6,,,
696,Sudeste,RJ,,33,,,,2022-02-01,5,17264943.0,1772794.0,15643,69922,38,,,
697,Sudeste,RJ,,33,,,,2022-02-02,5,17264943.0,1790994.0,18200,69970,48,,,
698,Sudeste,RJ,,33,,,,2022-02-03,5,17264943.0,1819607.0,28613,70026,56,,,
699,Sudeste,RJ,,33,,,,2022-02-04,5,17264943.0,1819607.0,0,70026,0,,,
700,Sudeste,SP,,35,,,,2022-01-01,52,45919049.0,4456469.0,361,155213,8,,,
701,Sudeste,SP,,35,,,,2022-01-02,1,45919049.0,4456581.0,112,155216,3,,,
702,Sudeste,SP,,35,,,,2022-01-03,1,45919049.0,4456745.0,164,155216,0,,,
703,Sudeste,SP,,35,,,,2022-01-04,1,45919049.0,4458689.0,1944,155242,26,,,
704,Sudeste,SP,,35,,,,2022-01-05,1,45919049.0,4461651.0,2962,155277,35,,,
705,Sudeste,SP,,35,,,,2022-01-06,1,45919049.0,4464482.0,2831,155311,34,,,
706,Sudeste,SP,,35,,,,2022-01-07,1,45919049.0,4467399.0,2917,155341,30,,,
707,Sudeste,SP,,35,,,,2022-01-08,1,45919049.0,4471113.0,3714,155370,29,,,
708,Sudeste,SP,,35,,,,2022-01-09,2,45919049.0,4473190.0,2077,155372,2,,,
709,Sudeste,SP,,35,,,,2022-01-10,2,45919049.0,4474109.0,919,155384,12,,,
710,Sudeste,SP,,35,,,,2022-01-11,2,45919049.0,4478468.0,4359,155420,36,,,
711,Sudeste,SP,,35,,,,2022-01-12,2,45919049.0,4483053.0,4585,155464,44,,,
712,Sudeste,SP,,35,,,,2022-01-13,2,45919049.0,4488929.0,5876,155517,53,,,
713,Sudeste,SP,,35,,,,2022-01-14,2,45919049.0,4497401.0,8472,155617,100,,,
714,Sudeste,SP,,35,,,,2022-01-15,2,45919049.0,4498145.0,744,155707,90,,,
715,Sudeste,SP,,35,,,,2022-01-16,3,45919049.0,4500516.0,2371,155729,22,,,
716,Sudeste,SP,,35,,,,2022-01-17,3,45919049.0,4501846.0,1330,155741,12,,,
717,Sudeste,SP,,35,,,,2022-01-18,3,45919049.0,4513255.0,11409,155858,117,,,
718,Sudeste,SP,,35,,,,2022-01-19,3,45919049.0,4523521.0,10266,155997,139,,,
719,Sudeste,SP,,35,,,,2022-01-20,3,45919049.0,4534066.0,10545,156165,168,,,
720,Sudeste,SP,,35,,,,2022-01-21,3,45919049.0,4545225.0,11159,156310,145,,,
721,Sudeste,SP,,35,,,,2022-01-22,3,45919049.0,4545225.0,0,156310,0,,,
722,Sudeste,SP,,35,,,,2022-01-23,4,45919049.0,4562990.0,17765,156493,183,,,
723,Sudeste,SP,,35,,,,2022-01-24,4,45919049.0,4565699.0,2709,156551,58,,,
724,Sudeste,SP,,35,,,,2022-01-25,4,45919049.0,4578916.0,13217,156778,227,,,
725,Sudeste,SP,,35,,,,2022-01-26,4,45919049.0,4592100.0,13184,156950,172,,,
726,Sudeste,SP,,35,,,,2022-01-27,4,45919049.0,4609121.0,17021,157209,259,,,
727,Sudeste,SP,,35,,,,2022-01-28,4,45919049.0,4624017.0,14896,157494,285,,,
728,Sudeste,SP,,35,,,,2022-01-29,4,45919049.0,4638360.0,14343,157817,323,,,
729,Sudeste,SP,,35,,,,2022-01-30,5,45919049.0,4646106.0,7746,157854,37,,,
730,Sudeste,SP,,35,,,,2022-01-31,5,45919049.0,4646106.0,0,157854,0,,,
731,Sudeste,SP,,35,,,,2022-02-01,5,45919049.0,4665845.0,19739,158160,306,,,
732,Sudeste,SP,,35,,,,2022-02-02,5,45919049.0,4666941.0,1096,158523,363,,,
733,Sudeste,SP,,35,,,,2022-02-03,5,45919049.0,4704552.0,37611,158872,349,,,
734,Sudeste,SP,,35,,,,2022-02-04,5,45919049.0,4704552.0,0,158872,0,,,
735,Sul,PR,,41,,,,2022-01-01,52,11433957.0,1598956.0,654,40889,0,,,
736,Sul,PR,,41,,,,2022-01-02,1,11433957.0,1599536.0,580,40890,1,,,
737,Sul,PR,,41,,,,2022-01-03,1,11433957.0,1600140.0,604,40891,1,,,
738,Sul,PR,,41,,,,2022-01-04,1,11433957.0,1602747.0,2607,40900,9,,,
739,Sul,PR,,41,,,,2022-01-05,1,11433957.0,1606208.0,3461,40903,3,,,
740,Sul,PR,,41,,,,2022-01-06,1,11433957.0,1611717.0,5509,40906,3,,,
741,Sul,PR,,41,,,,2022-01-07,1,11433957.0,1618799.0,7082,40910,4,,,
742,Sul,PR,,41,,,,2022-01-08,1,11433957.0,1626381.0,7582,40912,2,,,
743,Sul,PR,,41,,,,2022-01-09,2,11433957.0,1629552.0,3171,40913,1,,,
744,Sul,PR,,41,,,,2022-01-10,2,11433957.0,1634138.0,4586,40917,4,,,
745,Sul,PR,,41,,,,2022-01-11,2,11433957.0,1643633.0,9495,40922,5,,,
746,Sul,PR,,41,,,,2022-01-12,2,11433957.0,1656290.0,12657,40927,5,,,
747,Sul,PR,,41,,,,2022-01-13,2,11433957.0,1668870.0,12580,40930,3,,,
748,Sul,PR,,41,,,,2022-01-14,2,11433957.0,1683751.0,14881,40931,1,,,
749,Sul,PR,,41,,,,2022-01-15,2,11433957.0,1693867.0,10116,40931,0,,,
750,Sul,PR,,41,,,,2022-01-16,3,11433957.0,1699378.0,5511,40933,2,,,
751,Sul,PR,,41,,,,2022-01-17,3,11433957.0,1709569.0,10191,40940,7,,,
752,Sul,PR,,41,,,,2022-01-18,3,11433957.0,1729565.0,19996,40951,11,,,
753,Sul,PR,,41,,,,2022-01-19,3,11433957.0,1742893.0,13328,40951,0,,,
754,Sul,PR,,41,,,,2022-01-20,3,11433957.0,1767331.0,24438,40955,4,,,
755,Sul,PR,,41,,,,2022-01-21,3,11433957.0,1788687.0,21356,40965,10,,,
756,Sul,PR,,41,,,,2022-01-22,3,11433957.0,1804018.0,15331,40982,17,,,
757,Sul,PR,,41,,,,2022-01-23,4,11433957.0,1815771.0,11753,40988,6,,,
758,Sul,PR,,41,,,,2022-01-24,4,11433957.0,1827077.0,11306,41005,17,,,
759,Sul,PR,,41,,,,2022-01-25,4,11433957.0,1847109.0,20032,41034,29,,,
760,Sul,PR,,41,,,,2022-01-26,4,11433957.0,1872026.0,24917,41065,31,,,
761,Sul,PR,,41,,,,2022-01-27,4,11433957.0,1899387.0,27361,41109,44,,,
762,Sul,PR,,41,,,,2022-01-28,4,11433957.0,1923313.0,23926,41167,58,,,
763,Sul,PR,,41,,,,2022-01-29,4,11433957.0,1941986.0,18673,41185,18,,,
764,Sul,PR,,41,,,,2022-01-30,5,11433957.0,1952061.0,10075,41191,6,,,
765,Sul,PR,,41,,,,2022-01-31,5,11433957.0,1952061.0,0,41191,0,,,
766,Sul,PR,,41,,,,2022-02-01,5,11433957.0,1997215.0,45154,41281,90,,,
767,Sul,PR,,41,,,,2022-02-02,5,11433957.0,2015500.0,18285,41320,39,,,
768,Sul,PR,,41,,,,2022-02-03,5,11433957.0,2042294.0,26794,41334,14,,,
769,Sul,PR,,41,,,,2022-02-04,5,11433957.0,2064885.0,22591,41397,63,,,
770,Sul,SC,,42,,,,2022-01-01,52,7164788.0,1243870.0,335,20188,2,,,
771,Sul,SC,,42,,,,2022-01-02,1,7164788.0,1244089.0,219,20189,1,,,
772,Sul,SC,,42,,,,2022-01-03,1,7164788.0,1244569.0,480,20194,5,,,
773,Sul,SC,,42,,,,2022-01-04,1,7164788.0,1246583.0,2014,20198,4,,,
774,Sul,SC,,42,,,,2022-01-05,1,7164788.0,1249312.0,2729,20204,6,,,
775,Sul,SC,,42,,,,2022-01-06,1,7164788.0,1252594.0,3282,20212,8,,,
776,Sul,SC,,42,,,,2022-01-07,1,7164788.0,1257125.0,4531,20223,11,,,
777,Sul,SC,,42,,,,2022-01-08,1,7164788.0,1261207.0,4082,20224,1,,,
778,Sul,SC,,42,,,,2022-01-09,2,7164788.0,1263180.0,1973,20224,0,,,
779,Sul,SC,,42,,,,2022-01-10,2,7164788.0,1264793.0,1613,20227,3,,,
780,Sul,SC,,42,,,,2022-01-11,2,7164788.0,1271091.0,6298,20235,8,,,
781,Sul,SC,,42,,,,2022-01-12,2,7164788.0,1277849.0,6758,20243,8,,,
782,Sul,SC,,42,,,,2022-01-13,2,7164788.0,1286298.0,8449,20249,6,,,
783,Sul,SC,,42,,,,2022-01-14,2,7164788.0,1296019.0,9721,20264,15,,,
784,Sul,SC,,42,,,,2022-01-15,2,7164788.0,1298857.0,2838,20268,4,,,
785,Sul,SC,,42,,,,2022-01-16,3,7164788.0,1301160.0,2303,20279,11,,,
786,Sul,SC,,42,,,,2022-01-17,3,7164788.0,1304925.0,3765,20284,5,,,
787,Sul,SC,,42,,,,2022-01-18,3,7164788.0,1315268.0,10343,20295,11,,,
788,Sul,SC,,42,,,,2022-01-19,3,7164788.0,1327487.0,12219,20308,13,,,
789,Sul,SC,,42,,,,2022-01-20,3,7164788.0,1337991.0,10504,20319,11,,,
790,Sul,SC,,42,,,,2022-01-21,3,7164788.0,1349546.0,11555,20338,19,,,
791,Sul,SC,,42,,,,2022-01-22,3,7164788.0,1361502.0,11956,20361,23,,,
792,Sul,SC,,42,,,,2022-01-23,4,7164788.0,1365317.0,3815,20372,11,,,
793,Sul,SC,,42,,,,2022-01-24,4,7164788.0,1368213.0,2896,20384,12,,,
794,Sul,SC,,42,,,,2022-01-25,4,7164788.0,1382762.0,14549,20418,34,,,
795,Sul,SC,,42,,,,2022-01-26,4,7164788.0,1394287.0,11525,20447,29,,,
796,Sul,SC,,42,,,,2022-01-27,4,7164788.0,1407597.0,13310,20474,27,,,
797,Sul,SC,,42,,,,2022-01-28,4,7164788.0,1423561.0,15964,20514,40,,,
798,Sul,SC,,42,,,,2022-01-29,4,7164788.0,1435746.0,12185,20542,28,,,
799,Sul,SC,,42,,,,2022-01-30,5,7164788.0,1439607.0,3861,20550,8,,,
800,Sul,SC,,42,,,,2022-01-31,5,7164788.0,1442511.0,2904,20579,29,,,
801,Sul,SC,,42,,,,2022-02-01,5,7164788.0,1455023.0,12512,20629,50,,,
802,Sul,SC,,42,,,,2022-02-02,5,7164788.0,1458544.0,3521,20664,35,,,
803,Sul,SC,,42,,,,2022-02-03,5,7164788.0,1477548.0,19004,20690,26,,,
804,Sul,SC,,42,,,,2022-02-04,5,7164788.0,1488428.0,10880,20732,42,,,
805,Sul,RS,,43,,,,2022-01-01,52,11377239.0,1507117.0,0,36444,0,,,
806,Sul,RS,,43,,,,2022-01-02,1,11377239.0,1507117.0,0,36444,0,,,
807,Sul,RS,,43,,,,2022-01-03,1,11377239.0,1508446.0,1329,36445,1,,,
808,Sul,RS,,43,,,,2022-01-04,1,11377239.0,1509873.0,1427,36460,15,,,
809,Sul,RS,,43,,,,2022-01-05,1,11377239.0,1512186.0,2313,36470,10,,,
810,Sul,RS,,43,,,,2022-01-06,1,11377239.0,1516451.0,4265,36473,3,,,
811,Sul,RS,,43,,,,2022-01-07,1,11377239.0,1522119.0,5668,36476,3,,,
812,Sul,RS,,43,,,,2022-01-08,1,11377239.0,1530029.0,7910,36481,5,,,
813,Sul,RS,,43,,,,2022-01-09,2,11377239.0,1530029.0,0,36481,0,,,
814,Sul,RS,,43,,,,2022-01-10,2,11377239.0,1535484.0,5455,36484,3,,,
815,Sul,RS,,43,,,,2022-01-11,2,11377239.0,1545035.0,9551,36497,13,,,
816,Sul,RS,,43,,,,2022-01-12,2,11377239.0,1555404.0,10369,36502,5,,,
817,Sul,RS,,43,,,,2022-01-13,2,11377239.0,1567590.0,12186,36513,11,,,
818,Sul,RS,,43,,,,2022-01-14,2,11377239.0,1581887.0,14297,36521,8,,,
819,Sul,RS,,43,,,,2022-01-15,2,11377239.0,1581887.0,0,36521,0,,,
820,Sul,RS,,43,,,,2022-01-16,3,11377239.0,1581887.0,0,36521,0,,,
821,Sul,RS,,43,,,,2022-01-17,3,11377239.0,1594960.0,13073,36533,12,,,
822,Sul,RS,,43,,,,2022-01-18,3,11377239.0,1612300.0,17340,36552,19,,,
823,Sul,RS,,43,,,,2022-01-19,3,11377239.0,1633330.0,21030,36564,12,,,
824,Sul,RS,,43,,,,2022-01-20,3,11377239.0,1651551.0,18221,36578,14,,,
825,Sul,RS,,43,,,,2022-01-21,3,11377239.0,1669817.0,18266,36601,23,,,
826,Sul,RS,,43,,,,2022-01-22,3,11377239.0,1690598.0,20781,36635,34,,,
827,Sul,RS,,43,,,,2022-01-23,4,11377239.0,1699261.0,8663,36640,5,,,
828,Sul,RS,,43,,,,2022-01-24,4,11377239.0,1704958.0,5697,36644,4,,,
829,Sul,RS,,43,,,,2022-01-25,4,11377239.0,1724485.0,19527,36692,48,,,
830,Sul,RS,,43,,,,2022-01-26,4,11377239.0,1746431.0,21946,36749,57,,,
831,Sul,RS,,43,,,,2022-01-27,4,11377239.0,1767745.0,21314,36791,42,,,
832,Sul,RS,,43,,,,2022-01-28,4,11377239.0,1793519.0,25774,36822,31,,,
833,Sul,RS,,43,,,,2022-01-29,4,11377239.0,1814198.0,20679,36853,31,,,
834,Sul,RS,,43,,,,2022-01-30,5,11377239.0,1821565.0,7367,36863,10,,,
835,Sul,RS,,43,,,,2022-01-31,5,11377239.0,1826295.0,4730,36873,10,,,
836,Sul,RS,,43,,,,2022-02-01,5,11377239.0,1827422.0,1127,36943,70,,,
837,Sul,RS,,43,,,,2022-02-02,5,11377239.0,1850106.0,22684,37000,57,,,
838,Sul,RS,,43,,,,2022-02-03,5,11377239.0,1885128.0,35022,37041,41,,,
839,Sul,RS,,43,,,,2022-02-04,5,11377239.0,1904975.0,19847,37092,51,,,
840,Centro-Oeste,MS,,50,,,,2022-01-01,52,2778986.0,380515.0,110,9728,0,,,
841,Centro-Oeste,MS,,50,,,,2022-01-02,1,2778986.0,380515.0,0,9728,0,,,
842,Centro-Oeste,MS,,50,,,,2022-01-03,1,2778986.0,380653.0,138,9731,3,,,
843,Centro-Oeste,MS,,50,,,,2022-01-04,1,2778986.0,380820.0,167,9732,1,,,
844,Centro-Oeste,MS,,50,,,,2022-01-05,1,2778986.0,380845.0,25,9736,4,,,
845,Centro-Oeste,MS,,50,,,,2022-01-06,1,2778986.0,381666.0,821,9737,1,,,
846,Centro-Oeste,MS,,50,,,,2022-01-07,1,2778986.0,382613.0,947,9740,3,,,
847,Centro-Oeste,MS,,50,,,,2022-01-08,1,2778986.0,383694.0,1081,9742,2,,,
848,Centro-Oeste,MS,,50,,,,2022-01-09,2,2778986.0,384267.0,573,9742,0,,,
849,Centro-Oeste,MS,,50,,,,2022-01-10,2,2778986.0,385573.0,1306,9743,1,,,
850,Centro-Oeste,MS,,50,,,,2022-01-11,2,2778986.0,386183.0,610,9745,2,,,
851,Centro-Oeste,MS,,50,,,,2022-01-12,2,2778986.0,387398.0,1215,9746,1,,,
852,Centro-Oeste,MS,,50,,,,2022-01-13,2,2778986.0,389880.0,2482,9750,4,,,
853,Centro-Oeste,MS,,50,,,,2022-01-14,2,2778986.0,390734.0,854,9753,3,,,
854,Centro-Oeste,MS,,50,,,,2022-01-15,2,2778986.0,391417.0,683,9754,1,,,
855,Centro-Oeste,MS,,50,,,,2022-01-16,3,2778986.0,391693.0,276,9756,2,,,
856,Centro-Oeste,MS,,50,,,,2022-01-17,3,2778986.0,392408.0,715,9759,3,,,
857,Centro-Oeste,MS,,50,,,,2022-01-18,3,2778986.0,393607.0,1199,9764,5,,,
858,Centro-Oeste,MS,,50,,,,2022-01-19,3,2778986.0,395316.0,1709,9768,4,,,
859,Centro-Oeste,MS,,50,,,,2022-01-20,3,2778986.0,396785.0,1469,9773,5,,,
860,Centro-Oeste,MS,,50,,,,2022-01-21,3,2778986.0,397919.0,1134,9778,5,,,
861,Centro-Oeste,MS,,50,,,,2022-01-22,3,2778986.0,399835.0,1916,9780,2,,,
862,Centro-Oeste,MS,,50,,,,2022-01-23,4,2778986.0,402297.0,2462,9783,3,,,
863,Centro-Oeste,MS,,50,,,,2022-01-24,4,2778986.0,402729.0,432,9794,11,,,
864,Centro-Oeste,MS,,50,,,,2022-01-25,4,2778986.0,405767.0,3038,9808,14,,,
865,Centro-Oeste,MS,,50,,,,2022-01-26,4,2778986.0,409185.0,3418,9815,7,,,
866,Centro-Oeste,MS,,50,,,,2022-01-27,4,2778986.0,411872.0,2687,9829,14,,,
867,Centro-Oeste,MS,,50,,,,2022-01-28,4,2778986.0,416005.0,4133,9845,16,,,
868,Centro-Oeste,MS,,50,,,,2022-01-29,4,2778986.0,419274.0,3269,9856,11,,,
869,Centro-Oeste,MS,,50,,,,2022-01-30,5,2778986.0,422264.0,2990,9868,12,,,
870,Centro-Oeste,MS,,50,,,,2022-01-31,5,2778986.0,423244.0,980,9878,10,,,
871,Centro-Oeste,MS,,50,,,,2022-02-01,5,2778986.0,428146.0,4902,9896,18,,,
872,Centro-Oeste,MS,,50,,,,2022-02-02,5,2778986.0,431152.0,3006,9912,16,,,
873,Centro-Oeste,MS,,50,,,,2022-02-03,5,2778986.0,433787.0,2635,9928,16,,,
874,Centro-Oeste,MS,,50,,,,2022-02-04,5,2778986.0,436658.0,2871,9948,20,,,
875,Centro-Oeste,MT,,51,,,,2022-01-01,52,3484466.0,553852.0,0,13797,0,,,
876,Centro-Oeste,MT,,51,,,,2022-01-02,1,3484466.0,553852.0,0,13797,0,,,
877,Centro-Oeste,MT,,51,,,,2022-01-03,1,3484466.0,554872.0,1020,13808,11,,,
878,Centro-Oeste,MT,,51,,,,2022-01-04,1,3484466.0,555561.0,689,13813,5,,,
879,Centro-Oeste,MT,,51,,,,2022-01-05,1,3484466.0,556349.0,788,13815,2,,,
880,Centro-Oeste,MT,,51,,,,2022-01-06,1,3484466.0,557535.0,1186,13817,2,,,
881,Centro-Oeste,MT,,51,,,,2022-01-07,1,3484466.0,558984.0,1449,13824,7,,,
882,Centro-Oeste,MT,,51,,,,2022-01-08,1,3484466.0,558984.0,0,13824,0,,,
883,Centro-Oeste,MT,,51,,,,2022-01-09,2,3484466.0,558984.0,0,13824,0,,,
884,Centro-Oeste,MT,,51,,,,2022-01-10,2,3484466.0,561684.0,2700,13846,22,,,
885,Centro-Oeste,MT,,51,,,,2022-01-11,2,3484466.0,563762.0,2078,13854,8,,,
886,Centro-Oeste,MT,,51,,,,2022-01-12,2,3484466.0,565930.0,2168,13858,4,,,
887,Centro-Oeste,MT,,51,,,,2022-01-13,2,3484466.0,568367.0,2437,13862,4,,,
888,Centro-Oeste,MT,,51,,,,2022-01-14,2,3484466.0,571298.0,2931,13866,4,,,
889,Centro-Oeste,MT,,51,,,,2022-01-15,2,3484466.0,571298.0,0,13866,0,,,
890,Centro-Oeste,MT,,51,,,,2022-01-16,3,3484466.0,571298.0,0,13866,0,,,
891,Centro-Oeste,MT,,51,,,,2022-01-17,3,3484466.0,575344.0,4046,13874,8,,,
892,Centro-Oeste,MT,,51,,,,2022-01-18,3,3484466.0,578570.0,3226,13888,14,,,
893,Centro-Oeste,MT,,51,,,,2022-01-19,3,3484466.0,582116.0,3546,13901,13,,,
894,Centro-Oeste,MT,,51,,,,2022-01-20,3,3484466.0,585656.0,3540,13906,5,,,
895,Centro-Oeste,MT,,51,,,,2022-01-21,3,3484466.0,589409.0,3753,13920,14,,,
896,Centro-Oeste,MT,,51,,,,2022-01-22,3,3484466.0,589409.0,0,13920,0,,,
897,Centro-Oeste,MT,,51,,,,2022-01-23,4,3484466.0,589409.0,0,13920,0,,,
898,Centro-Oeste,MT,,51,,,,2022-01-24,4,3484466.0,596189.0,6780,13947,27,,,
899,Centro-Oeste,MT,,51,,,,2022-01-25,4,3484466.0,601482.0,5293,13952,5,,,
900,Centro-Oeste,MT,,51,,,,2022-01-26,4,3484466.0,606349.0,4867,13962,10,,,
901,Centro-Oeste,MT,,51,,,,2022-01-27,4,3484466.0,606349.0,0,13962,0,,,
902,Centro-Oeste,MT,,51,,,,2022-01-28,4,3484466.0,616695.0,10346,13999,37,,,
903,Centro-Oeste,MT,,51,,,,2022-01-29,4,3484466.0,616695.0,0,13999,0,,,
904,Centro-Oeste,MT,,51,,,,2022-01-30,5,3484466.0,616695.0,0,13999,0,,,
905,Centro-Oeste,MT,,51,,,,2022-01-31,5,3484466.0,624997.0,8302,14044,45,,,
906,Centro-Oeste,MT,,51,,,,2022-02-01,5,3484466.0,629761.0,4764,14066,22,,,
907,Centro-Oeste,MT,,51,,,,2022-02-02,5,3484466.0,634891.0,5130,14082,16,,,
908,Centro-Oeste,MT,,51,,,,2022-02-03,5,3484466.0,639383.0,4492,14103,21,,,
909,Centro-Oeste,MT,,51,,,,2022-02-04,5,3484466.0,644179.0,4796,14128,25,,,
910,Centro-Oeste,GO,,52,,,,2022-01-01,52,7018354.0,947907.0,203,24695,17,,,
911,Centro-Oeste,GO,,52,,,,2022-01-02,1,7018354.0,947907.0,0,24695,0,,,
912,Centro-Oeste,GO,,52,,,,2022-01-03,1,7018354.0,948234.0,327,24699,4,,,
913,Centro-Oeste,GO,,52,,,,2022-01-04,1,7018354.0,948612.0,378,24699,0,,,
914,Centro-Oeste,GO,,52,,,,2022-01-05,1,7018354.0,949645.0,1033,24699,0,,,
915,Centro-Oeste,GO,,52,,,,2022-01-06,1,7018354.0,950497.0,852,24699,0,,,
916,Centro-Oeste,GO,,52,,,,2022-01-07,1,7018354.0,952646.0,2149,24722,23,,,
917,Centro-Oeste,GO,,52,,,,2022-01-08,1,7018354.0,953369.0,723,24724,2,,,
918,Centro-Oeste,GO,,52,,,,2022-01-09,2,7018354.0,953528.0,159,24726,2,,,
919,Centro-Oeste,GO,,52,,,,2022-01-10,2,7018354.0,954468.0,940,24736,10,,,
920,Centro-Oeste,GO,,52,,,,2022-01-11,2,7018354.0,957872.0,3404,24738,2,,,
921,Centro-Oeste,GO,,52,,,,2022-01-12,2,7018354.0,959199.0,1327,24741,3,,,
922,Centro-Oeste,GO,,52,,,,2022-01-13,2,7018354.0,965886.0,6687,24752,11,,,
923,Centro-Oeste,GO,,52,,,,2022-01-14,2,7018354.0,968837.0,2951,24754,2,,,
924,Centro-Oeste,GO,,52,,,,2022-01-15,2,7018354.0,969099.0,262,24765,11,,,
925,Centro-Oeste,GO,,52,,,,2022-01-16,3,7018354.0,969340.0,241,24766,1,,,
926,Centro-Oeste,GO,,52,,,,2022-01-17,3,7018354.0,971192.0,1852,24769,3,,,
927,Centro-Oeste,GO,,52,,,,2022-01-18,3,7018354.0,975922.0,4730,24784,15,,,
928,Centro-Oeste,GO,,52,,,,2022-01-19,3,7018354.0,981967.0,6045,24792,8,,,
929,Centro-Oeste,GO,,52,,,,2022-01-20,3,7018354.0,987280.0,5313,24815,23,,,
930,Centro-Oeste,GO,,52,,,,2022-01-21,3,7018354.0,993220.0,5940,24839,24,,,
931,Centro-Oeste,GO,,52,,,,2022-01-22,3,7018354.0,998781.0,5561,24858,19,,,
932,Centro-Oeste,GO,,52,,,,2022-01-23,4,7018354.0,1000707.0,1926,24869,11,,,
933,Centro-Oeste,GO,,52,,,,2022-01-24,4,7018354.0,1003767.0,3060,24870,1,,,
934,Centro-Oeste,GO,,52,,,,2022-01-25,4,7018354.0,1012574.0,8807,24870,0,,,
935,Centro-Oeste,GO,,52,,,,2022-01-26,4,7018354.0,1018700.0,6126,24944,74,,,
936,Centro-Oeste,GO,,52,,,,2022-01-27,4,7018354.0,1025795.0,7095,24970,26,,,
937,Centro-Oeste,GO,,52,,,,2022-01-28,4,7018354.0,1031446.0,5651,24992,22,,,
938,Centro-Oeste,GO,,52,,,,2022-01-29,4,7018354.0,1034279.0,2833,25002,10,,,
939,Centro-Oeste,GO,,52,,,,2022-01-30,5,7018354.0,1034279.0,0,25002,0,,,
940,Centro-Oeste,GO,,52,,,,2022-01-31,5,7018354.0,1037046.0,2767,25037,35,,,
941,Centro-Oeste,GO,,52,,,,2022-02-01,5,7018354.0,1037097.0,51,25050,13,,,
942,Centro-Oeste,GO,,52,,,,2022-02-02,5,7018354.0,1037097.0,0,25050,0,,,
943,Centro-Oeste,GO,,52,,,,2022-02-03,5,7018354.0,1054453.0,17356,25117,67,,,
944,Centro-Oeste,GO,,52,,,,2022-02-04,5,7018354.0,1062606.0,8153,25150,33,,,
945,Centro-Oeste,DF,,53,,,,2022-01-01,52,3015268.0,519811.0,0,11108,0,,,
946,Centro-Oeste,DF,,53,,,,2022-01-02,1,3015268.0,519811.0,0,11108,0,,,
947,Centro-Oeste,DF,,53,,,,2022-01-03,1,3015268.0,520538.0,727,11110,2,,,
948,Centro-Oeste,DF,,53,,,,2022-01-04,1,3015268.0,521140.0,602,11112,2,,,
949,Centro-Oeste,DF,,53,,,,2022-01-05,1,3015268.0,521900.0,760,11115,3,,,
950,Centro-Oeste,DF,,53,,,,2022-01-06,1,3015268.0,523351.0,1451,11116,1,,,
951,Centro-Oeste,DF,,53,,,,2022-01-07,1,3015268.0,524916.0,1565,11119,3,,,
952,Centro-Oeste,DF,,53,,,,2022-01-08,1,3015268.0,524916.0,0,11119,0,,,
953,Centro-Oeste,DF,,53,,,,2022-01-09,2,3015268.0,524916.0,0,11119,0,,,
954,Centro-Oeste,DF,,53,,,,2022-01-10,2,3015268.0,527691.0,2775,11120,1,,,
955,Centro-Oeste,DF,,53,,,,2022-01-11,2,3015268.0,531911.0,4220,11122,2,,,
956,Centro-Oeste,DF,,53,,,,2022-01-12,2,3015268.0,535724.0,3813,11123,1,,,
957,Centro-Oeste,DF,,53,,,,2022-01-13,2,3015268.0,538354.0,2630,11125,2,,,
958,Centro-Oeste,DF,,53,,,,2022-01-14,2,3015268.0,541252.0,2898,11126,1,,,
959,Centro-Oeste,DF,,53,,,,2022-01-15,2,3015268.0,541252.0,0,11126,0,,,
960,Centro-Oeste,DF,,53,,,,2022-01-16,3,3015268.0,541252.0,0,11126,0,,,
961,Centro-Oeste,DF,,53,,,,2022-01-17,3,3015268.0,546900.0,5648,11128,2,,,
962,Centro-Oeste,DF,,53,,,,2022-01-18,3,3015268.0,551680.0,4780,11132,4,,,
963,Centro-Oeste,DF,,53,,,,2022-01-19,3,3015268.0,553988.0,2308,11135,3,,,
964,Centro-Oeste,DF,,53,,,,2022-01-20,3,3015268.0,558161.0,4173,11136,1,,,
965,Centro-Oeste,DF,,53,,,,2022-01-21,3,3015268.0,561457.0,3296,11139,3,,,
966,Centro-Oeste,DF,,53,,,,2022-01-22,3,3015268.0,561457.0,0,11139,0,,,
967,Centro-Oeste,DF,,53,,,,2022-01-23,4,3015268.0,561457.0,0,11139,0,,,
968,Centro-Oeste,DF,,53,,,,2022-01-24,4,3015268.0,568433.0,6976,11143,4,,,
969,Centro-Oeste,DF,,53,,,,2022-01-25,4,3015268.0,579130.0,10697,11147,4,,,
970,Centro-Oeste,DF,,53,,,,2022-01-26,4,3015268.0,584615.0,5485,11152,5,,,
971,Centro-Oeste,DF,,53,,,,2022-01-27,4,3015268.0,589858.0,5243,11156,4,,,
972,Centro-Oeste,DF,,53,,,,2022-01-28,4,3015268.0,595257.0,5399,11164,8,,,
973,Centro-Oeste,DF,,53,,,,2022-01-29,4,3015268.0,595257.0,0,11164,0,,,
974,Centro-Oeste,DF,,53,,,,2022-01-30,5,3015268.0,595257.0,0,11164,0,,,
975,Centro-Oeste,DF,,53,,,,2022-01-31,5,3015268.0,606765.0,11508,11174,10,,,
976,Centro-Oeste,DF,,53,,,,2022-02-01,5,3015268.0,612563.0,5798,11186,12,,,
977,Centro-Oeste,DF,,53,,,,2022-02-02,5,3015268.0,617945.0,5382,11197,11,,,
978,Centro-Oeste,DF,,53,,,,2022-02-03,5,3015268.0,625031.0,7086,11208,11,,,
979,Centro-Oeste,DF,,53,,,,2022-02-04,5,3015268.0,631233.0,6202,11217,9,,,
